block_id,light_emission,burn_chance,flammable,hardness,blast_resistance,friction,speed_factor,jump_factor,block_group,rarity,tool_required
minecraft:air,0,0,false,0.0,0.0,0.6,1.0,1.0,misc,COMMON,false
minecraft:stone,0,0,false,1.5,6.0,0.6,1.0,1.0,building_blocks,COMMON,true
minecraft:granite,0,0,false,1.5,6.0,0.6,1.0,1.0,building_blocks,COMMON,true
minecraft:polished_granite,0,0,false,1.5,6.0,0.6,1.0,1.0,building_blocks,COMMON,true
minecraft:diorite,0,0,false,1.5,6.0,0.6,1.0,1.0,building_blocks,COMMON,true
minecraft:polished_diorite,0,0,false,1.5,6.0,0.6,1.0,1.0,building_blocks,COMMON,true
minecraft:andesite,0,0,false,1.5,6.0,0.6,1.0,1.0,building_blocks,COMMON,true
minecraft:polished_andesite,0,0,false,1.5,6.0,0.6,1.0,1.0,building_blocks,COMMON,true
minecraft:grass_block,0,0,false,0.6,0.6,0.6,1.0,1.0,building_blocks,COMMON,false
minecraft:dirt,0,0,false,0.5,0.5,0.6,1.0,1.0,building_blocks,COMMON,false
minecraft:coarse_dirt,0,0,false,0.5,0.5,0.6,1.0,1.0,building_blocks,COMMON,false
minecraft:podzol,0,0,false,0.5,0.5,0.6,1.0,1.0,building_blocks,COMMON,false
minecraft:cobblestone,0,0,false,2.0,6.0,0.6,1.0,1.0,building_blocks,COMMON,true
minecraft:oak_planks,0,5,true,2.0,3.0,0.6,1.0,1.0,building_blocks,COMMON,false
minecraft:spruce_planks,0,5,true,2.0,3.0,0.6,1.0,1.0,building_blocks,COMMON,false
minecraft:birch_planks,0,5,true,2.0,3.0,0.6,1.0,1.0,building_blocks,COMMON,false
minecraft:jungle_planks,0,5,true,2.0,3.0,0.6,1.0,1.0,building_blocks,COMMON,false
minecraft:acacia_planks,0,5,true,2.0,3.0,0.6,1.0,1.0,building_blocks,COMMON,false
minecraft:dark_oak_planks,0,5,true,2.0,3.0,0.6,1.0,1.0,building_blocks,COMMON,false
minecraft:oak_sapling,0,0,false,0.0,0.0,0.6,1.0,1.0,decorations,COMMON,false
minecraft:spruce_sapling,0,0,false,0.0,0.0,0.6,1.0,1.0,decorations,COMMON,false
minecraft:birch_sapling,0,0,false,0.0,0.0,0.6,1.0,1.0,decorations,COMMON,false
minecraft:jungle_sapling,0,0,false,0.0,0.0,0.6,1.0,1.0,decorations,COMMON,false
minecraft:acacia_sapling,0,0,false,0.0,0.0,0.6,1.0,1.0,decorations,COMMON,false
minecraft:dark_oak_sapling,0,0,false,0.0,0.0,0.6,1.0,1.0,decorations,COMMON,false
minecraft:bedrock,0,0,false,-1.0,3600000.0,0.6,1.0,1.0,building_blocks,COMMON,false
minecraft:water,0,0,false,100.0,100.0,0.6,1.0,1.0,misc,COMMON,false
minecraft:lava,15,0,false,100.0,100.0,0.6,1.0,1.0,misc,COMMON,false
minecraft:sand,0,0,false,0.5,0.5,0.6,1.0,1.0,building_blocks,COMMON,false
minecraft:red_sand,0,0,false,0.5,0.5,0.6,1.0,1.0,building_blocks,COMMON,false
minecraft:gravel,0,0,false,0.6,0.6,0.6,1.0,1.0,building_blocks,COMMON,false
minecraft:gold_ore,0,0,false,3.0,3.0,0.6,1.0,1.0,building_blocks,COMMON,true
minecraft:deepslate_gold_ore,0,0,false,4.5,3.0,0.6,1.0,1.0,building_blocks,COMMON,true
minecraft:iron_ore,0,0,false,3.0,3.0,0.6,1.0,1.0,building_blocks,COMMON,true
minecraft:deepslate_iron_ore,0,0,false,4.5,3.0,0.6,1.0,1.0,building_blocks,COMMON,true
minecraft:coal_ore,0,0,false,3.0,3.0,0.6,1.0,1.0,building_blocks,COMMON,true
minecraft:deepslate_coal_ore,0,0,false,4.5,3.0,0.6,1.0,1.0,building_blocks,COMMON,true
minecraft:nether_gold_ore,0,0,false,3.0,3.0,0.6,1.0,1.0,building_blocks,COMMON,true
minecraft:oak_log,0,5,true,2.0,2.0,0.6,1.0,1.0,building_blocks,COMMON,false
minecraft:spruce_log,0,5,true,2.0,2.0,0.6,1.0,1.0,building_blocks,COMMON,false
minecraft:birch_log,0,5,true,2.0,2.0,0.6,1.0,1.0,building_blocks,COMMON,false
minecraft:jungle_log,0,5,true,2.0,2.0,0.6,1.0,1.0,building_blocks,COMMON,false
minecraft:acacia_log,0,5,true,2.0,2.0,0.6,1.0,1.0,building_blocks,COMMON,false
minecraft:dark_oak_log,0,5,true,2.0,2.0,0.6,1.0,1.0,building_blocks,COMMON,false
minecraft:stripped_spruce_log,0,5,true,2.0,2.0,0.6,1.0,1.0,building_blocks,COMMON,false
minecraft:stripped_birch_log,0,5,true,2.0,2.0,0.6,1.0,1.0,building_blocks,COMMON,false
minecraft:stripped_jungle_log,0,5,true,2.0,2.0,0.6,1.0,1.0,building_blocks,COMMON,false
minecraft:stripped_acacia_log,0,5,true,2.0,2.0,0.6,1.0,1.0,building_blocks,COMMON,false
minecraft:stripped_dark_oak_log,0,5,true,2.0,2.0,0.6,1.0,1.0,building_blocks,COMMON,false
minecraft:stripped_oak_log,0,5,true,2.0,2.0,0.6,1.0,1.0,building_blocks,COMMON,false
minecraft:oak_wood,0,5,true,2.0,2.0,0.6,1.0,1.0,building_blocks,COMMON,false
minecraft:spruce_wood,0,5,true,2.0,2.0,0.6,1.0,1.0,building_blocks,COMMON,false
minecraft:birch_wood,0,5,true,2.0,2.0,0.6,1.0,1.0,building_blocks,COMMON,false
minecraft:jungle_wood,0,5,true,2.0,2.0,0.6,1.0,1.0,building_blocks,COMMON,false
minecraft:acacia_wood,0,5,true,2.0,2.0,0.6,1.0,1.0,building_blocks,COMMON,false
minecraft:dark_oak_wood,0,5,true,2.0,2.0,0.6,1.0,1.0,building_blocks,COMMON,false
minecraft:stripped_oak_wood,0,5,true,2.0,2.0,0.6,1.0,1.0,building_blocks,COMMON,false
minecraft:stripped_spruce_wood,0,5,true,2.0,2.0,0.6,1.0,1.0,building_blocks,COMMON,false
minecraft:stripped_birch_wood,0,5,true,2.0,2.0,0.6,1.0,1.0,building_blocks,COMMON,false
minecraft:stripped_jungle_wood,0,5,true,2.0,2.0,0.6,1.0,1.0,building_blocks,COMMON,false
minecraft:stripped_acacia_wood,0,5,true,2.0,2.0,0.6,1.0,1.0,building_blocks,COMMON,false
minecraft:stripped_dark_oak_wood,0,5,true,2.0,2.0,0.6,1.0,1.0,building_blocks,COMMON,false
minecraft:oak_leaves,0,30,true,0.2,0.2,0.6,1.0,1.0,decorations,COMMON,false
minecraft:spruce_leaves,0,30,true,0.2,0.2,0.6,1.0,1.0,decorations,COMMON,false
minecraft:birch_leaves,0,30,true,0.2,0.2,0.6,1.0,1.0,decorations,COMMON,false
minecraft:jungle_leaves,0,30,true,0.2,0.2,0.6,1.0,1.0,decorations,COMMON,false
minecraft:acacia_leaves,0,30,true,0.2,0.2,0.6,1.0,1.0,decorations,COMMON,false
minecraft:dark_oak_leaves,0,30,true,0.2,0.2,0.6,1.0,1.0,decorations,COMMON,false
minecraft:azalea_leaves,0,30,true,0.2,0.2,0.6,1.0,1.0,decorations,COMMON,false
minecraft:flowering_azalea_leaves,0,30,true,0.2,0.2,0.6,1.0,1.0,decorations,COMMON,false
minecraft:sponge,0,0,false,0.6,0.6,0.6,1.0,1.0,building_blocks,COMMON,false
minecraft:wet_sponge,0,0,false,0.6,0.6,0.6,1.0,1.0,building_blocks,COMMON,false
minecraft:glass,0,0,false,0.3,0.3,0.6,1.0,1.0,building_blocks,COMMON,false
minecraft:lapis_ore,0,0,false,3.0,3.0,0.6,1.0,1.0,building_blocks,COMMON,true
minecraft:deepslate_lapis_ore,0,0,false,4.5,3.0,0.6,1.0,1.0,building_blocks,COMMON,true
minecraft:lapis_block,0,0,false,3.0,3.0,0.6,1.0,1.0,building_blocks,COMMON,true
minecraft:dispenser,0,0,false,3.5,3.5,0.6,1.0,1.0,redstone,COMMON,true
minecraft:sandstone,0,0,false,0.8,0.8,0.6,1.0,1.0,building_blocks,COMMON,true
minecraft:chiseled_sandstone,0,0,false,0.8,0.8,0.6,1.0,1.0,building_blocks,COMMON,true
minecraft:cut_sandstone,0,0,false,0.8,0.8,0.6,1.0,1.0,building_blocks,COMMON,true
minecraft:note_block,0,0,false,0.8,0.8,0.6,1.0,1.0,redstone,COMMON,false
minecraft:white_bed,0,0,false,0.2,0.2,0.6,1.0,1.0,decorations,COMMON,false
minecraft:orange_bed,0,0,false,0.2,0.2,0.6,1.0,1.0,decorations,COMMON,false
minecraft:magenta_bed,0,0,false,0.2,0.2,0.6,1.0,1.0,decorations,COMMON,false
minecraft:light_blue_bed,0,0,false,0.2,0.2,0.6,1.0,1.0,decorations,COMMON,false
minecraft:yellow_bed,0,0,false,0.2,0.2,0.6,1.0,1.0,decorations,COMMON,false
minecraft:lime_bed,0,0,false,0.2,0.2,0.6,1.0,1.0,decorations,COMMON,false
minecraft:pink_bed,0,0,false,0.2,0.2,0.6,1.0,1.0,decorations,COMMON,false
minecraft:gray_bed,0,0,false,0.2,0.2,0.6,1.0,1.0,decorations,COMMON,false
minecraft:light_gray_bed,0,0,false,0.2,0.2,0.6,1.0,1.0,decorations,COMMON,false
minecraft:cyan_bed,0,0,false,0.2,0.2,0.6,1.0,1.0,decorations,COMMON,false
minecraft:purple_bed,0,0,false,0.2,0.2,0.6,1.0,1.0,decorations,COMMON,false
minecraft:blue_bed,0,0,false,0.2,0.2,0.6,1.0,1.0,decorations,COMMON,false
minecraft:brown_bed,0,0,false,0.2,0.2,0.6,1.0,1.0,decorations,COMMON,false
minecraft:green_bed,0,0,false,0.2,0.2,0.6,1.0,1.0,decorations,COMMON,false
minecraft:red_bed,0,0,false,0.2,0.2,0.6,1.0,1.0,decorations,COMMON,false
minecraft:black_bed,0,0,false,0.2,0.2,0.6,1.0,1.0,decorations,COMMON,false
minecraft:powered_rail,0,0,false,0.7,0.7,0.6,1.0,1.0,transportation,COMMON,false
minecraft:detector_rail,0,0,false,0.7,0.7,0.6,1.0,1.0,transportation,COMMON,false
minecraft:sticky_piston,0,0,false,1.5,1.5,0.6,1.0,1.0,redstone,COMMON,false
minecraft:cobweb,0,0,false,4.0,4.0,0.6,1.0,1.0,decorations,COMMON,true
minecraft:grass,0,60,true,0.0,0.0,0.6,1.0,1.0,decorations,COMMON,false
minecraft:fern,0,60,true,0.0,0.0,0.6,1.0,1.0,decorations,COMMON,false
minecraft:dead_bush,0,60,true,0.0,0.0,0.6,1.0,1.0,decorations,COMMON,false
minecraft:seagrass,0,0,false,0.0,0.0,0.6,1.0,1.0,decorations,COMMON,false
minecraft:tall_seagrass,0,0,false,0.0,0.0,0.6,1.0,1.0,misc,COMMON,false
minecraft:piston,0,0,false,1.5,1.5,0.6,1.0,1.0,redstone,COMMON,false
minecraft:piston_head,0,0,false,1.5,1.5,0.6,1.0,1.0,misc,COMMON,false
minecraft:white_wool,0,30,true,0.8,0.8,0.6,1.0,1.0,building_blocks,COMMON,false
minecraft:orange_wool,0,30,true,0.8,0.8,0.6,1.0,1.0,building_blocks,COMMON,false
minecraft:magenta_wool,0,30,true,0.8,0.8,0.6,1.0,1.0,building_blocks,COMMON,false
minecraft:light_blue_wool,0,30,true,0.8,0.8,0.6,1.0,1.0,building_blocks,COMMON,false
minecraft:yellow_wool,0,30,true,0.8,0.8,0.6,1.0,1.0,building_blocks,COMMON,false
minecraft:lime_wool,0,30,true,0.8,0.8,0.6,1.0,1.0,building_blocks,COMMON,false
minecraft:pink_wool,0,30,true,0.8,0.8,0.6,1.0,1.0,building_blocks,COMMON,false
minecraft:gray_wool,0,30,true,0.8,0.8,0.6,1.0,1.0,building_blocks,COMMON,false
minecraft:light_gray_wool,0,30,true,0.8,0.8,0.6,1.0,1.0,building_blocks,COMMON,false
minecraft:cyan_wool,0,30,true,0.8,0.8,0.6,1.0,1.0,building_blocks,COMMON,false
minecraft:purple_wool,0,30,true,0.8,0.8,0.6,1.0,1.0,building_blocks,COMMON,false
minecraft:blue_wool,0,30,true,0.8,0.8,0.6,1.0,1.0,building_blocks,COMMON,false
minecraft:brown_wool,0,30,true,0.8,0.8,0.6,1.0,1.0,building_blocks,COMMON,false
minecraft:green_wool,0,30,true,0.8,0.8,0.6,1.0,1.0,building_blocks,COMMON,false
minecraft:red_wool,0,30,true,0.8,0.8,0.6,1.0,1.0,building_blocks,COMMON,false
minecraft:black_wool,0,30,true,0.8,0.8,0.6,1.0,1.0,building_blocks,COMMON,false
minecraft:moving_piston,0,0,false,-1.0,0.0,0.6,1.0,1.0,misc,COMMON,false
minecraft:dandelion,0,60,true,0.0,0.0,0.6,1.0,1.0,decorations,COMMON,false
minecraft:poppy,0,60,true,0.0,0.0,0.6,1.0,1.0,decorations,COMMON,false
minecraft:blue_orchid,0,60,true,0.0,0.0,0.6,1.0,1.0,decorations,COMMON,false
minecraft:allium,0,60,true,0.0,0.0,0.6,1.0,1.0,decorations,COMMON,false
minecraft:azure_bluet,0,60,true,0.0,0.0,0.6,1.0,1.0,decorations,COMMON,false
minecraft:red_tulip,0,60,true,0.0,0.0,0.6,1.0,1.0,decorations,COMMON,false
minecraft:orange_tulip,0,60,true,0.0,0.0,0.6,1.0,1.0,decorations,COMMON,false
minecraft:white_tulip,0,60,true,0.0,0.0,0.6,1.0,1.0,decorations,COMMON,false
minecraft:pink_tulip,0,60,true,0.0,0.0,0.6,1.0,1.0,decorations,COMMON,false
minecraft:oxeye_daisy,0,60,true,0.0,0.0,0.6,1.0,1.0,decorations,COMMON,false
minecraft:cornflower,0,60,true,0.0,0.0,0.6,1.0,1.0,decorations,COMMON,false
minecraft:wither_rose,0,60,true,0.0,0.0,0.6,1.0,1.0,decorations,COMMON,false
minecraft:lily_of_the_valley,0,60,true,0.0,0.0,0.6,1.0,1.0,decorations,COMMON,false
minecraft:brown_mushroom,1,0,false,0.0,0.0,0.6,1.0,1.0,decorations,COMMON,false
minecraft:red_mushroom,0,0,false,0.0,0.0,0.6,1.0,1.0,decorations,COMMON,false
minecraft:gold_block,0,0,false,3.0,6.0,0.6,1.0,1.0,building_blocks,COMMON,true
minecraft:iron_block,0,0,false,5.0,6.0,0.6,1.0,1.0,building_blocks,COMMON,true
minecraft:bricks,0,0,false,2.0,6.0,0.6,1.0,1.0,building_blocks,COMMON,true
minecraft:tnt,0,15,true,0.0,0.0,0.6,1.0,1.0,redstone,COMMON,false
minecraft:bookshelf,0,30,true,1.5,1.5,0.6,1.0,1.0,building_blocks,COMMON,false
minecraft:mossy_cobblestone,0,0,false,2.0,6.0,0.6,1.0,1.0,building_blocks,COMMON,true
minecraft:obsidian,0,0,false,50.0,1200.0,0.6,1.0,1.0,building_blocks,COMMON,true
minecraft:torch,14,0,false,0.0,0.0,0.6,1.0,1.0,decorations,COMMON,false
minecraft:wall_torch,14,0,false,0.0,0.0,0.6,1.0,1.0,decorations,COMMON,false
minecraft:fire,15,0,false,0.0,0.0,0.6,1.0,1.0,misc,COMMON,false
minecraft:soul_fire,10,0,false,0.0,0.0,0.6,1.0,1.0,misc,COMMON,false
minecraft:spawner,0,0,false,5.0,5.0,0.6,1.0,1.0,misc,EPIC,true
minecraft:oak_stairs,0,5,true,2.0,3.0,0.6,1.0,1.0,building_blocks,COMMON,false
minecraft:chest,0,0,false,2.5,2.5,0.6,1.0,1.0,decorations,COMMON,false
minecraft:redstone_wire,0,0,false,0.0,0.0,0.6,1.0,1.0,redstone,COMMON,false
minecraft:diamond_ore,0,0,false,3.0,3.0,0.6,1.0,1.0,building_blocks,COMMON,true
minecraft:deepslate_diamond_ore,0,0,false,4.5,3.0,0.6,1.0,1.0,building_blocks,COMMON,true
minecraft:diamond_block,0,0,false,5.0,6.0,0.6,1.0,1.0,building_blocks,COMMON,true
minecraft:crafting_table,0,0,false,2.5,2.5,0.6,1.0,1.0,decorations,COMMON,false
minecraft:wheat,0,0,false,0.0,0.0,0.6,1.0,1.0,misc,COMMON,false
minecraft:farmland,0,0,false,0.6,0.6,0.6,1.0,1.0,decorations,COMMON,false
minecraft:furnace,0,0,false,3.5,3.5,0.6,1.0,1.0,decorations,COMMON,true
minecraft:oak_sign,0,0,false,1.0,1.0,0.6,1.0,1.0,decorations,COMMON,false
minecraft:spruce_sign,0,0,false,1.0,1.0,0.6,1.0,1.0,decorations,COMMON,false
minecraft:birch_sign,0,0,false,1.0,1.0,0.6,1.0,1.0,decorations,COMMON,false
minecraft:acacia_sign,0,0,false,1.0,1.0,0.6,1.0,1.0,decorations,COMMON,false
minecraft:jungle_sign,0,0,false,1.0,1.0,0.6,1.0,1.0,decorations,COMMON,false
minecraft:dark_oak_sign,0,0,false,1.0,1.0,0.6,1.0,1.0,decorations,COMMON,false
minecraft:oak_door,0,0,false,3.0,3.0,0.6,1.0,1.0,redstone,COMMON,false
minecraft:ladder,0,0,false,0.4,0.4,0.6,1.0,1.0,decorations,COMMON,false
minecraft:rail,0,0,false,0.7,0.7,0.6,1.0,1.0,transportation,COMMON,false
minecraft:cobblestone_stairs,0,0,false,2.0,6.0,0.6,1.0,1.0,building_blocks,COMMON,true
minecraft:oak_wall_sign,0,0,false,1.0,1.0,0.6,1.0,1.0,decorations,COMMON,false
minecraft:spruce_wall_sign,0,0,false,1.0,1.0,0.6,1.0,1.0,decorations,COMMON,false
minecraft:birch_wall_sign,0,0,false,1.0,1.0,0.6,1.0,1.0,decorations,COMMON,false
minecraft:acacia_wall_sign,0,0,false,1.0,1.0,0.6,1.0,1.0,decorations,COMMON,false
minecraft:jungle_wall_sign,0,0,false,1.0,1.0,0.6,1.0,1.0,decorations,COMMON,false
minecraft:dark_oak_wall_sign,0,0,false,1.0,1.0,0.6,1.0,1.0,decorations,COMMON,false
minecraft:lever,0,0,false,0.5,0.5,0.6,1.0,1.0,redstone,COMMON,false
minecraft:stone_pressure_plate,0,0,false,0.5,0.5,0.6,1.0,1.0,redstone,COMMON,true
minecraft:iron_door,0,0,false,5.0,5.0,0.6,1.0,1.0,redstone,COMMON,true
minecraft:oak_pressure_plate,0,0,false,0.5,0.5,0.6,1.0,1.0,redstone,COMMON,false
minecraft:spruce_pressure_plate,0,0,false,0.5,0.5,0.6,1.0,1.0,redstone,COMMON,false
minecraft:birch_pressure_plate,0,0,false,0.5,0.5,0.6,1.0,1.0,redstone,COMMON,false
minecraft:jungle_pressure_plate,0,0,false,0.5,0.5,0.6,1.0,1.0,redstone,COMMON,false
minecraft:acacia_pressure_plate,0,0,false,0.5,0.5,0.6,1.0,1.0,redstone,COMMON,false
minecraft:dark_oak_pressure_plate,0,0,false,0.5,0.5,0.6,1.0,1.0,redstone,COMMON,false
minecraft:redstone_ore,0,0,false,3.0,3.0,0.6,1.0,1.0,building_blocks,COMMON,true
minecraft:deepslate_redstone_ore,0,0,false,4.5,3.0,0.6,1.0,1.0,building_blocks,COMMON,true
minecraft:redstone_torch,7,0,false,0.0,0.0,0.6,1.0,1.0,redstone,COMMON,false
minecraft:redstone_wall_torch,7,0,false,0.0,0.0,0.6,1.0,1.0,redstone,COMMON,false
minecraft:stone_button,0,0,false,0.5,0.5,0.6,1.0,1.0,redstone,COMMON,false
minecraft:snow,0,0,false,0.1,0.1,0.6,1.0,1.0,decorations,COMMON,true
minecraft:ice,0,0,false,0.5,0.5,0.98,1.0,1.0,building_blocks,COMMON,false
minecraft:snow_block,0,0,false,0.2,0.2,0.6,1.0,1.0,building_blocks,COMMON,true
minecraft:cactus,0,0,false,0.4,0.4,0.6,1.0,1.0,decorations,COMMON,false
minecraft:clay,0,0,false,0.6,0.6,0.6,1.0,1.0,building_blocks,COMMON,false
minecraft:sugar_cane,0,0,false,0.0,0.0,0.6,1.0,1.0,decorations,COMMON,false
minecraft:jukebox,0,0,false,2.0,6.0,0.6,1.0,1.0,decorations,COMMON,false
minecraft:oak_fence,0,5,true,2.0,3.0,0.6,1.0,1.0,decorations,COMMON,false
minecraft:pumpkin,0,0,false,1.0,1.0,0.6,1.0,1.0,building_blocks,COMMON,false
minecraft:netherrack,0,0,false,0.4,0.4,0.6,1.0,1.0,building_blocks,COMMON,true
minecraft:soul_sand,0,0,false,0.5,0.5,0.6,0.4,1.0,building_blocks,COMMON,false
minecraft:soul_soil,0,0,false,0.5,0.5,0.6,1.0,1.0,building_blocks,COMMON,false
minecraft:basalt,0,0,false,1.25,4.2,0.6,1.0,1.0,building_blocks,COMMON,true
minecraft:polished_basalt,0,0,false,1.25,4.2,0.6,1.0,1.0,building_blocks,COMMON,true
minecraft:soul_torch,10,0,false,0.0,0.0,0.6,1.0,1.0,decorations,COMMON,false
minecraft:soul_wall_torch,10,0,false,0.0,0.0,0.6,1.0,1.0,decorations,COMMON,false
minecraft:glowstone,15,0,false,0.3,0.3,0.6,1.0,1.0,building_blocks,COMMON,false
minecraft:nether_portal,11,0,false,-1.0,0.0,0.6,1.0,1.0,misc,COMMON,false
minecraft:carved_pumpkin,0,0,false,1.0,1.0,0.6,1.0,1.0,building_blocks,COMMON,false
minecraft:jack_o_lantern,15,0,false,1.0,1.0,0.6,1.0,1.0,building_blocks,COMMON,false
minecraft:cake,0,0,false,0.5,0.5,0.6,1.0,1.0,food,COMMON,false
minecraft:repeater,0,0,false,0.0,0.0,0.6,1.0,1.0,redstone,COMMON,false
minecraft:white_stained_glass,0,0,false,0.3,0.3,0.6,1.0,1.0,building_blocks,COMMON,false
minecraft:orange_stained_glass,0,0,false,0.3,0.3,0.6,1.0,1.0,building_blocks,COMMON,false
minecraft:magenta_stained_glass,0,0,false,0.3,0.3,0.6,1.0,1.0,building_blocks,COMMON,false
minecraft:light_blue_stained_glass,0,0,false,0.3,0.3,0.6,1.0,1.0,building_blocks,COMMON,false
minecraft:yellow_stained_glass,0,0,false,0.3,0.3,0.6,1.0,1.0,building_blocks,COMMON,false
minecraft:lime_stained_glass,0,0,false,0.3,0.3,0.6,1.0,1.0,building_blocks,COMMON,false
minecraft:pink_stained_glass,0,0,false,0.3,0.3,0.6,1.0,1.0,building_blocks,COMMON,false
minecraft:gray_stained_glass,0,0,false,0.3,0.3,0.6,1.0,1.0,building_blocks,COMMON,false
minecraft:light_gray_stained_glass,0,0,false,0.3,0.3,0.6,1.0,1.0,building_blocks,COMMON,false
minecraft:cyan_stained_glass,0,0,false,0.3,0.3,0.6,1.0,1.0,building_blocks,COMMON,false
minecraft:purple_stained_glass,0,0,false,0.3,0.3,0.6,1.0,1.0,building_blocks,COMMON,false
minecraft:blue_stained_glass,0,0,false,0.3,0.3,0.6,1.0,1.0,building_blocks,COMMON,false
minecraft:brown_stained_glass,0,0,false,0.3,0.3,0.6,1.0,1.0,building_blocks,COMMON,false
minecraft:green_stained_glass,0,0,false,0.3,0.3,0.6,1.0,1.0,building_blocks,COMMON,false
minecraft:red_stained_glass,0,0,false,0.3,0.3,0.6,1.0,1.0,building_blocks,COMMON,false
minecraft:black_stained_glass,0,0,false,0.3,0.3,0.6,1.0,1.0,building_blocks,COMMON,false
minecraft:oak_trapdoor,0,0,false,3.0,3.0,0.6,1.0,1.0,redstone,COMMON,false
minecraft:spruce_trapdoor,0,0,false,3.0,3.0,0.6,1.0,1.0,redstone,COMMON,false
minecraft:birch_trapdoor,0,0,false,3.0,3.0,0.6,1.0,1.0,redstone,COMMON,false
minecraft:jungle_trapdoor,0,0,false,3.0,3.0,0.6,1.0,1.0,redstone,COMMON,false
minecraft:acacia_trapdoor,0,0,false,3.0,3.0,0.6,1.0,1.0,redstone,COMMON,false
minecraft:dark_oak_trapdoor,0,0,false,3.0,3.0,0.6,1.0,1.0,redstone,COMMON,false
minecraft:stone_bricks,0,0,false,1.5,6.0,0.6,1.0,1.0,building_blocks,COMMON,true
minecraft:mossy_stone_bricks,0,0,false,1.5,6.0,0.6,1.0,1.0,building_blocks,COMMON,true
minecraft:cracked_stone_bricks,0,0,false,1.5,6.0,0.6,1.0,1.0,building_blocks,COMMON,true
minecraft:chiseled_stone_bricks,0,0,false,1.5,6.0,0.6,1.0,1.0,building_blocks,COMMON,true
minecraft:infested_stone,0,0,false,0.75,0.75,0.6,1.0,1.0,decorations,COMMON,false
minecraft:infested_cobblestone,0,0,false,1.0,0.75,0.6,1.0,1.0,decorations,COMMON,false
minecraft:infested_stone_bricks,0,0,false,0.75,0.75,0.6,1.0,1.0,decorations,COMMON,false
minecraft:infested_mossy_stone_bricks,0,0,false,0.75,0.75,0.6,1.0,1.0,decorations,COMMON,false
minecraft:infested_cracked_stone_bricks,0,0,false,0.75,0.75,0.6,1.0,1.0,decorations,COMMON,false
minecraft:infested_chiseled_stone_bricks,0,0,false,0.75,0.75,0.6,1.0,1.0,decorations,COMMON,false
minecraft:brown_mushroom_block,0,0,false,0.2,0.2,0.6,1.0,1.0,decorations,COMMON,false
minecraft:red_mushroom_block,0,0,false,0.2,0.2,0.6,1.0,1.0,decorations,COMMON,false
minecraft:mushroom_stem,0,0,false,0.2,0.2,0.6,1.0,1.0,decorations,COMMON,false
minecraft:iron_bars,0,0,false,5.0,6.0,0.6,1.0,1.0,decorations,COMMON,true
minecraft:chain,0,0,false,5.0,6.0,0.6,1.0,1.0,decorations,COMMON,true
minecraft:glass_pane,0,0,false,0.3,0.3,0.6,1.0,1.0,decorations,COMMON,false
minecraft:melon,0,0,false,1.0,1.0,0.6,1.0,1.0,building_blocks,COMMON,false
minecraft:attached_pumpkin_stem,0,0,false,0.0,0.0,0.6,1.0,1.0,misc,COMMON,false
minecraft:attached_melon_stem,0,0,false,0.0,0.0,0.6,1.0,1.0,misc,COMMON,false
minecraft:pumpkin_stem,0,0,false,0.0,0.0,0.6,1.0,1.0,misc,COMMON,false
minecraft:melon_stem,0,0,false,0.0,0.0,0.6,1.0,1.0,misc,COMMON,false
minecraft:vine,0,15,true,0.2,0.2,0.6,1.0,1.0,decorations,COMMON,false
minecraft:glow_lichen,0,15,true,0.2,0.2,0.6,1.0,1.0,decorations,COMMON,false
minecraft:oak_fence_gate,0,5,true,2.0,3.0,0.6,1.0,1.0,redstone,COMMON,false
minecraft:brick_stairs,0,0,false,2.0,6.0,0.6,1.0,1.0,building_blocks,COMMON,true
minecraft:stone_brick_stairs,0,0,false,1.5,6.0,0.6,1.0,1.0,building_blocks,COMMON,true
minecraft:mycelium,0,0,false,0.6,0.6,0.6,1.0,1.0,building_blocks,COMMON,false
minecraft:lily_pad,0,0,false,0.0,0.0,0.6,1.0,1.0,decorations,COMMON,false
minecraft:nether_bricks,0,0,false,2.0,6.0,0.6,1.0,1.0,building_blocks,COMMON,true
minecraft:nether_brick_fence,0,0,false,2.0,6.0,0.6,1.0,1.0,decorations,COMMON,true
minecraft:nether_brick_stairs,0,0,false,2.0,6.0,0.6,1.0,1.0,building_blocks,COMMON,true
minecraft:nether_wart,0,0,false,0.0,0.0,0.6,1.0,1.0,misc,COMMON,false
minecraft:enchanting_table,7,0,false,5.0,1200.0,0.6,1.0,1.0,decorations,COMMON,true
minecraft:brewing_stand,1,0,false,0.5,0.5,0.6,1.0,1.0,brewing,COMMON,true
minecraft:cauldron,0,0,false,2.0,2.0,0.6,1.0,1.0,brewing,COMMON,true
minecraft:water_cauldron,0,0,false,2.0,2.0,0.6,1.0,1.0,brewing,COMMON,true
minecraft:lava_cauldron,15,0,false,2.0,2.0,0.6,1.0,1.0,brewing,COMMON,true
minecraft:powder_snow_cauldron,0,0,false,2.0,2.0,0.6,1.0,1.0,brewing,COMMON,true
minecraft:end_portal,15,0,false,-1.0,3600000.0,0.6,1.0,1.0,misc,COMMON,false
minecraft:end_portal_frame,1,0,false,-1.0,3600000.0,0.6,1.0,1.0,decorations,COMMON,false
minecraft:end_stone,0,0,false,3.0,9.0,0.6,1.0,1.0,building_blocks,COMMON,true
minecraft:dragon_egg,1,0,false,3.0,9.0,0.6,1.0,1.0,misc,EPIC,false
minecraft:redstone_lamp,0,0,false,0.3,0.3,0.6,1.0,1.0,redstone,COMMON,false
minecraft:cocoa,0,0,false,0.2,3.0,0.6,1.0,1.0,misc,COMMON,false
minecraft:sandstone_stairs,0,0,false,0.8,0.8,0.6,1.0,1.0,building_blocks,COMMON,true
minecraft:emerald_ore,0,0,false,3.0,3.0,0.6,1.0,1.0,building_blocks,COMMON,true
minecraft:deepslate_emerald_ore,0,0,false,4.5,3.0,0.6,1.0,1.0,building_blocks,COMMON,true
minecraft:ender_chest,7,0,false,22.5,600.0,0.6,1.0,1.0,decorations,COMMON,true
minecraft:tripwire_hook,0,0,false,0.0,0.0,0.6,1.0,1.0,redstone,COMMON,false
minecraft:tripwire,0,0,false,0.0,0.0,0.6,1.0,1.0,misc,COMMON,false
minecraft:emerald_block,0,0,false,5.0,6.0,0.6,1.0,1.0,building_blocks,COMMON,true
minecraft:spruce_stairs,0,5,true,2.0,3.0,0.6,1.0,1.0,building_blocks,COMMON,false
minecraft:birch_stairs,0,5,true,2.0,3.0,0.6,1.0,1.0,building_blocks,COMMON,false
minecraft:jungle_stairs,0,5,true,2.0,3.0,0.6,1.0,1.0,building_blocks,COMMON,false
minecraft:command_block,0,0,false,-1.0,3600000.0,0.6,1.0,1.0,misc,EPIC,true
minecraft:beacon,15,0,false,3.0,3.0,0.6,1.0,1.0,misc,RARE,false
minecraft:cobblestone_wall,0,0,false,2.0,6.0,0.6,1.0,1.0,decorations,COMMON,true
minecraft:mossy_cobblestone_wall,0,0,false,2.0,6.0,0.6,1.0,1.0,decorations,COMMON,true
minecraft:flower_pot,0,0,false,0.0,0.0,0.6,1.0,1.0,decorations,COMMON,false
minecraft:potted_oak_sapling,0,0,false,0.0,0.0,0.6,1.0,1.0,misc,COMMON,false
minecraft:potted_spruce_sapling,0,0,false,0.0,0.0,0.6,1.0,1.0,misc,COMMON,false
minecraft:potted_birch_sapling,0,0,false,0.0,0.0,0.6,1.0,1.0,misc,COMMON,false
minecraft:potted_jungle_sapling,0,0,false,0.0,0.0,0.6,1.0,1.0,misc,COMMON,false
minecraft:potted_acacia_sapling,0,0,false,0.0,0.0,0.6,1.0,1.0,misc,COMMON,false
minecraft:potted_dark_oak_sapling,0,0,false,0.0,0.0,0.6,1.0,1.0,misc,COMMON,false
minecraft:potted_fern,0,0,false,0.0,0.0,0.6,1.0,1.0,misc,COMMON,false
minecraft:potted_dandelion,0,0,false,0.0,0.0,0.6,1.0,1.0,misc,COMMON,false
minecraft:potted_poppy,0,0,false,0.0,0.0,0.6,1.0,1.0,misc,COMMON,false
minecraft:potted_blue_orchid,0,0,false,0.0,0.0,0.6,1.0,1.0,misc,COMMON,false
minecraft:potted_allium,0,0,false,0.0,0.0,0.6,1.0,1.0,misc,COMMON,false
minecraft:potted_azure_bluet,0,0,false,0.0,0.0,0.6,1.0,1.0,misc,COMMON,false
minecraft:potted_red_tulip,0,0,false,0.0,0.0,0.6,1.0,1.0,misc,COMMON,false
minecraft:potted_orange_tulip,0,0,false,0.0,0.0,0.6,1.0,1.0,misc,COMMON,false
minecraft:potted_white_tulip,0,0,false,0.0,0.0,0.6,1.0,1.0,misc,COMMON,false
minecraft:potted_pink_tulip,0,0,false,0.0,0.0,0.6,1.0,1.0,misc,COMMON,false
minecraft:potted_oxeye_daisy,0,0,false,0.0,0.0,0.6,1.0,1.0,misc,COMMON,false
minecraft:potted_cornflower,0,0,false,0.0,0.0,0.6,1.0,1.0,misc,COMMON,false
minecraft:potted_lily_of_the_valley,0,0,false,0.0,0.0,0.6,1.0,1.0,misc,COMMON,false
minecraft:potted_wither_rose,0,0,false,0.0,0.0,0.6,1.0,1.0,misc,COMMON,false
minecraft:potted_red_mushroom,0,0,false,0.0,0.0,0.6,1.0,1.0,misc,COMMON,false
minecraft:potted_brown_mushroom,0,0,false,0.0,0.0,0.6,1.0,1.0,misc,COMMON,false
minecraft:potted_dead_bush,0,0,false,0.0,0.0,0.6,1.0,1.0,misc,COMMON,false
minecraft:potted_cactus,0,0,false,0.0,0.0,0.6,1.0,1.0,misc,COMMON,false
minecraft:carrots,0,0,false,0.0,0.0,0.6,1.0,1.0,food,COMMON,false
minecraft:potatoes,0,0,false,0.0,0.0,0.6,1.0,1.0,food,COMMON,false
minecraft:oak_button,0,0,false,0.5,0.5,0.6,1.0,1.0,redstone,COMMON,false
minecraft:spruce_button,0,0,false,0.5,0.5,0.6,1.0,1.0,redstone,COMMON,false
minecraft:birch_button,0,0,false,0.5,0.5,0.6,1.0,1.0,redstone,COMMON,false
minecraft:jungle_button,0,0,false,0.5,0.5,0.6,1.0,1.0,redstone,COMMON,false
minecraft:acacia_button,0,0,false,0.5,0.5,0.6,1.0,1.0,redstone,COMMON,false
minecraft:dark_oak_button,0,0,false,0.5,0.5,0.6,1.0,1.0,redstone,COMMON,false
minecraft:skeleton_skull,0,0,false,1.0,1.0,0.6,1.0,1.0,decorations,UNCOMMON,false
minecraft:skeleton_wall_skull,0,0,false,1.0,1.0,0.6,1.0,1.0,decorations,UNCOMMON,false
minecraft:wither_skeleton_skull,0,0,false,1.0,1.0,0.6,1.0,1.0,decorations,UNCOMMON,false
minecraft:wither_skeleton_wall_skull,0,0,false,1.0,1.0,0.6,1.0,1.0,decorations,UNCOMMON,false
minecraft:zombie_head,0,0,false,1.0,1.0,0.6,1.0,1.0,decorations,UNCOMMON,false
minecraft:zombie_wall_head,0,0,false,1.0,1.0,0.6,1.0,1.0,decorations,UNCOMMON,false
minecraft:player_head,0,0,false,1.0,1.0,0.6,1.0,1.0,decorations,UNCOMMON,false
minecraft:player_wall_head,0,0,false,1.0,1.0,0.6,1.0,1.0,decorations,UNCOMMON,false
minecraft:creeper_head,0,0,false,1.0,1.0,0.6,1.0,1.0,decorations,UNCOMMON,false
minecraft:creeper_wall_head,0,0,false,1.0,1.0,0.6,1.0,1.0,decorations,UNCOMMON,false
minecraft:dragon_head,0,0,false,1.0,1.0,0.6,1.0,1.0,decorations,UNCOMMON,false
minecraft:dragon_wall_head,0,0,false,1.0,1.0,0.6,1.0,1.0,decorations,UNCOMMON,false
minecraft:anvil,0,0,false,5.0,1200.0,0.6,1.0,1.0,decorations,COMMON,true
minecraft:chipped_anvil,0,0,false,5.0,1200.0,0.6,1.0,1.0,decorations,COMMON,true
minecraft:damaged_anvil,0,0,false,5.0,1200.0,0.6,1.0,1.0,decorations,COMMON,true
minecraft:trapped_chest,0,0,false,2.5,2.5,0.6,1.0,1.0,redstone,COMMON,false
minecraft:light_weighted_pressure_plate,0,0,false,0.5,0.5,0.6,1.0,1.0,redstone,COMMON,true
minecraft:heavy_weighted_pressure_plate,0,0,false,0.5,0.5,0.6,1.0,1.0,redstone,COMMON,true
minecraft:comparator,0,0,false,0.0,0.0,0.6,1.0,1.0,redstone,COMMON,false
minecraft:daylight_detector,0,0,false,0.2,0.2,0.6,1.0,1.0,redstone,COMMON,false
minecraft:redstone_block,0,0,false,5.0,6.0,0.6,1.0,1.0,redstone,COMMON,true
minecraft:nether_quartz_ore,0,0,false,3.0,3.0,0.6,1.0,1.0,building_blocks,COMMON,true
minecraft:hopper,0,0,false,3.0,4.8,0.6,1.0,1.0,redstone,COMMON,true
minecraft:quartz_block,0,0,false,0.8,0.8,0.6,1.0,1.0,building_blocks,COMMON,true
minecraft:chiseled_quartz_block,0,0,false,0.8,0.8,0.6,1.0,1.0,building_blocks,COMMON,true
minecraft:quartz_pillar,0,0,false,0.8,0.8,0.6,1.0,1.0,building_blocks,COMMON,true
minecraft:quartz_stairs,0,0,false,0.8,0.8,0.6,1.0,1.0,building_blocks,COMMON,true
minecraft:activator_rail,0,0,false,0.7,0.7,0.6,1.0,1.0,transportation,COMMON,false
minecraft:dropper,0,0,false,3.5,3.5,0.6,1.0,1.0,redstone,COMMON,true
minecraft:white_terracotta,0,0,false,1.25,4.2,0.6,1.0,1.0,building_blocks,COMMON,true
minecraft:orange_terracotta,0,0,false,1.25,4.2,0.6,1.0,1.0,building_blocks,COMMON,true
minecraft:magenta_terracotta,0,0,false,1.25,4.2,0.6,1.0,1.0,building_blocks,COMMON,true
minecraft:light_blue_terracotta,0,0,false,1.25,4.2,0.6,1.0,1.0,building_blocks,COMMON,true
minecraft:yellow_terracotta,0,0,false,1.25,4.2,0.6,1.0,1.0,building_blocks,COMMON,true
minecraft:lime_terracotta,0,0,false,1.25,4.2,0.6,1.0,1.0,building_blocks,COMMON,true
minecraft:pink_terracotta,0,0,false,1.25,4.2,0.6,1.0,1.0,building_blocks,COMMON,true
minecraft:gray_terracotta,0,0,false,1.25,4.2,0.6,1.0,1.0,building_blocks,COMMON,true
minecraft:light_gray_terracotta,0,0,false,1.25,4.2,0.6,1.0,1.0,building_blocks,COMMON,true
minecraft:cyan_terracotta,0,0,false,1.25,4.2,0.6,1.0,1.0,building_blocks,COMMON,true
minecraft:purple_terracotta,0,0,false,1.25,4.2,0.6,1.0,1.0,building_blocks,COMMON,true
minecraft:blue_terracotta,0,0,false,1.25,4.2,0.6,1.0,1.0,building_blocks,COMMON,true
minecraft:brown_terracotta,0,0,false,1.25,4.2,0.6,1.0,1.0,building_blocks,COMMON,true
minecraft:green_terracotta,0,0,false,1.25,4.2,0.6,1.0,1.0,building_blocks,COMMON,true
minecraft:red_terracotta,0,0,false,1.25,4.2,0.6,1.0,1.0,building_blocks,COMMON,true
minecraft:black_terracotta,0,0,false,1.25,4.2,0.6,1.0,1.0,building_blocks,COMMON,true
minecraft:white_stained_glass_pane,0,0,false,0.3,0.3,0.6,1.0,1.0,decorations,COMMON,false
minecraft:orange_stained_glass_pane,0,0,false,0.3,0.3,0.6,1.0,1.0,decorations,COMMON,false
minecraft:magenta_stained_glass_pane,0,0,false,0.3,0.3,0.6,1.0,1.0,decorations,COMMON,false
minecraft:light_blue_stained_glass_pane,0,0,false,0.3,0.3,0.6,1.0,1.0,decorations,COMMON,false
minecraft:yellow_stained_glass_pane,0,0,false,0.3,0.3,0.6,1.0,1.0,decorations,COMMON,false
minecraft:lime_stained_glass_pane,0,0,false,0.3,0.3,0.6,1.0,1.0,decorations,COMMON,false
minecraft:pink_stained_glass_pane,0,0,false,0.3,0.3,0.6,1.0,1.0,decorations,COMMON,false
minecraft:gray_stained_glass_pane,0,0,false,0.3,0.3,0.6,1.0,1.0,decorations,COMMON,false
minecraft:light_gray_stained_glass_pane,0,0,false,0.3,0.3,0.6,1.0,1.0,decorations,COMMON,false
minecraft:cyan_stained_glass_pane,0,0,false,0.3,0.3,0.6,1.0,1.0,decorations,COMMON,false
minecraft:purple_stained_glass_pane,0,0,false,0.3,0.3,0.6,1.0,1.0,decorations,COMMON,false
minecraft:blue_stained_glass_pane,0,0,false,0.3,0.3,0.6,1.0,1.0,decorations,COMMON,false
minecraft:brown_stained_glass_pane,0,0,false,0.3,0.3,0.6,1.0,1.0,decorations,COMMON,false
minecraft:green_stained_glass_pane,0,0,false,0.3,0.3,0.6,1.0,1.0,decorations,COMMON,false
minecraft:red_stained_glass_pane,0,0,false,0.3,0.3,0.6,1.0,1.0,decorations,COMMON,false
minecraft:black_stained_glass_pane,0,0,false,0.3,0.3,0.6,1.0,1.0,decorations,COMMON,false
minecraft:acacia_stairs,0,5,true,2.0,3.0,0.6,1.0,1.0,building_blocks,COMMON,false
minecraft:dark_oak_stairs,0,5,true,2.0,3.0,0.6,1.0,1.0,building_blocks,COMMON,false
minecraft:slime_block,0,0,false,0.0,0.0,0.8,1.0,1.0,redstone,COMMON,false
minecraft:barrier,0,0,false,-1.0,3600000.8,0.6,1.0,1.0,misc,EPIC,false
minecraft:light,15,0,false,-1.0,3600000.8,0.6,1.0,1.0,misc,EPIC,false
minecraft:iron_trapdoor,0,0,false,5.0,5.0,0.6,1.0,1.0,redstone,COMMON,true
minecraft:prismarine,0,0,false,1.5,6.0,0.6,1.0,1.0,building_blocks,COMMON,true
minecraft:prismarine_bricks,0,0,false,1.5,6.0,0.6,1.0,1.0,building_blocks,COMMON,true
minecraft:dark_prismarine,0,0,false,1.5,6.0,0.6,1.0,1.0,building_blocks,COMMON,true
minecraft:prismarine_stairs,0,0,false,1.5,6.0,0.6,1.0,1.0,building_blocks,COMMON,true
minecraft:prismarine_brick_stairs,0,0,false,1.5,6.0,0.6,1.0,1.0,building_blocks,COMMON,true
minecraft:dark_prismarine_stairs,0,0,false,1.5,6.0,0.6,1.0,1.0,building_blocks,COMMON,true
minecraft:prismarine_slab,0,0,false,1.5,6.0,0.6,1.0,1.0,building_blocks,COMMON,true
minecraft:prismarine_brick_slab,0,0,false,1.5,6.0,0.6,1.0,1.0,building_blocks,COMMON,true
minecraft:dark_prismarine_slab,0,0,false,1.5,6.0,0.6,1.0,1.0,building_blocks,COMMON,true
minecraft:sea_lantern,15,0,false,0.3,0.3,0.6,1.0,1.0,building_blocks,COMMON,false
minecraft:hay_block,0,60,true,0.5,0.5,0.6,1.0,1.0,building_blocks,COMMON,false
minecraft:white_carpet,0,60,true,0.1,0.1,0.6,1.0,1.0,decorations,COMMON,false
minecraft:orange_carpet,0,60,true,0.1,0.1,0.6,1.0,1.0,decorations,COMMON,false
minecraft:magenta_carpet,0,60,true,0.1,0.1,0.6,1.0,1.0,decorations,COMMON,false
minecraft:light_blue_carpet,0,60,true,0.1,0.1,0.6,1.0,1.0,decorations,COMMON,false
minecraft:yellow_carpet,0,60,true,0.1,0.1,0.6,1.0,1.0,decorations,COMMON,false
minecraft:lime_carpet,0,60,true,0.1,0.1,0.6,1.0,1.0,decorations,COMMON,false
minecraft:pink_carpet,0,60,true,0.1,0.1,0.6,1.0,1.0,decorations,COMMON,false
minecraft:gray_carpet,0,60,true,0.1,0.1,0.6,1.0,1.0,decorations,COMMON,false
minecraft:light_gray_carpet,0,60,true,0.1,0.1,0.6,1.0,1.0,decorations,COMMON,false
minecraft:cyan_carpet,0,60,true,0.1,0.1,0.6,1.0,1.0,decorations,COMMON,false
minecraft:purple_carpet,0,60,true,0.1,0.1,0.6,1.0,1.0,decorations,COMMON,false
minecraft:blue_carpet,0,60,true,0.1,0.1,0.6,1.0,1.0,decorations,COMMON,false
minecraft:brown_carpet,0,60,true,0.1,0.1,0.6,1.0,1.0,decorations,COMMON,false
minecraft:green_carpet,0,60,true,0.1,0.1,0.6,1.0,1.0,decorations,COMMON,false
minecraft:red_carpet,0,60,true,0.1,0.1,0.6,1.0,1.0,decorations,COMMON,false
minecraft:black_carpet,0,60,true,0.1,0.1,0.6,1.0,1.0,decorations,COMMON,false
minecraft:terracotta,0,0,false,1.25,4.2,0.6,1.0,1.0,building_blocks,COMMON,true
minecraft:coal_block,0,5,true,5.0,6.0,0.6,1.0,1.0,building_blocks,COMMON,true
minecraft:packed_ice,0,0,false,0.5,0.5,0.98,1.0,1.0,building_blocks,COMMON,false
minecraft:sunflower,0,60,true,0.0,0.0,0.6,1.0,1.0,decorations,COMMON,false
minecraft:lilac,0,60,true,0.0,0.0,0.6,1.0,1.0,decorations,COMMON,false
minecraft:rose_bush,0,60,true,0.0,0.0,0.6,1.0,1.0,decorations,COMMON,false
minecraft:peony,0,60,true,0.0,0.0,0.6,1.0,1.0,decorations,COMMON,false
minecraft:tall_grass,0,60,true,0.0,0.0,0.6,1.0,1.0,decorations,COMMON,false
minecraft:large_fern,0,60,true,0.0,0.0,0.6,1.0,1.0,decorations,COMMON,false
minecraft:white_banner,0,0,false,1.0,1.0,0.6,1.0,1.0,decorations,COMMON,false
minecraft:orange_banner,0,0,false,1.0,1.0,0.6,1.0,1.0,decorations,COMMON,false
minecraft:magenta_banner,0,0,false,1.0,1.0,0.6,1.0,1.0,decorations,COMMON,false
minecraft:light_blue_banner,0,0,false,1.0,1.0,0.6,1.0,1.0,decorations,COMMON,false
minecraft:yellow_banner,0,0,false,1.0,1.0,0.6,1.0,1.0,decorations,COMMON,false
minecraft:lime_banner,0,0,false,1.0,1.0,0.6,1.0,1.0,decorations,COMMON,false
minecraft:pink_banner,0,0,false,1.0,1.0,0.6,1.0,1.0,decorations,COMMON,false
minecraft:gray_banner,0,0,false,1.0,1.0,0.6,1.0,1.0,decorations,COMMON,false
minecraft:light_gray_banner,0,0,false,1.0,1.0,0.6,1.0,1.0,decorations,COMMON,false
minecraft:cyan_banner,0,0,false,1.0,1.0,0.6,1.0,1.0,decorations,COMMON,false
minecraft:purple_banner,0,0,false,1.0,1.0,0.6,1.0,1.0,decorations,COMMON,false
minecraft:blue_banner,0,0,false,1.0,1.0,0.6,1.0,1.0,decorations,COMMON,false
minecraft:brown_banner,0,0,false,1.0,1.0,0.6,1.0,1.0,decorations,COMMON,false
minecraft:green_banner,0,0,false,1.0,1.0,0.6,1.0,1.0,decorations,COMMON,false
minecraft:red_banner,0,0,false,1.0,1.0,0.6,1.0,1.0,decorations,COMMON,false
minecraft:black_banner,0,0,false,1.0,1.0,0.6,1.0,1.0,decorations,COMMON,false
minecraft:white_wall_banner,0,0,false,1.0,1.0,0.6,1.0,1.0,decorations,COMMON,false
minecraft:orange_wall_banner,0,0,false,1.0,1.0,0.6,1.0,1.0,decorations,COMMON,false
minecraft:magenta_wall_banner,0,0,false,1.0,1.0,0.6,1.0,1.0,decorations,COMMON,false
minecraft:light_blue_wall_banner,0,0,false,1.0,1.0,0.6,1.0,1.0,decorations,COMMON,false
minecraft:yellow_wall_banner,0,0,false,1.0,1.0,0.6,1.0,1.0,decorations,COMMON,false
minecraft:lime_wall_banner,0,0,false,1.0,1.0,0.6,1.0,1.0,decorations,COMMON,false
minecraft:pink_wall_banner,0,0,false,1.0,1.0,0.6,1.0,1.0,decorations,COMMON,false
minecraft:gray_wall_banner,0,0,false,1.0,1.0,0.6,1.0,1.0,decorations,COMMON,false
minecraft:light_gray_wall_banner,0,0,false,1.0,1.0,0.6,1.0,1.0,decorations,COMMON,false
minecraft:cyan_wall_banner,0,0,false,1.0,1.0,0.6,1.0,1.0,decorations,COMMON,false
minecraft:purple_wall_banner,0,0,false,1.0,1.0,0.6,1.0,1.0,decorations,COMMON,false
minecraft:blue_wall_banner,0,0,false,1.0,1.0,0.6,1.0,1.0,decorations,COMMON,false
minecraft:brown_wall_banner,0,0,false,1.0,1.0,0.6,1.0,1.0,decorations,COMMON,false
minecraft:green_wall_banner,0,0,false,1.0,1.0,0.6,1.0,1.0,decorations,COMMON,false
minecraft:red_wall_banner,0,0,false,1.0,1.0,0.6,1.0,1.0,decorations,COMMON,false
minecraft:black_wall_banner,0,0,false,1.0,1.0,0.6,1.0,1.0,decorations,COMMON,false
minecraft:red_sandstone,0,0,false,0.8,0.8,0.6,1.0,1.0,building_blocks,COMMON,true
minecraft:chiseled_red_sandstone,0,0,false,0.8,0.8,0.6,1.0,1.0,building_blocks,COMMON,true
minecraft:cut_red_sandstone,0,0,false,0.8,0.8,0.6,1.0,1.0,building_blocks,COMMON,true
minecraft:red_sandstone_stairs,0,0,false,0.8,0.8,0.6,1.0,1.0,building_blocks,COMMON,true
minecraft:oak_slab,0,5,true,2.0,3.0,0.6,1.0,1.0,building_blocks,COMMON,false
minecraft:spruce_slab,0,5,true,2.0,3.0,0.6,1.0,1.0,building_blocks,COMMON,false
minecraft:birch_slab,0,5,true,2.0,3.0,0.6,1.0,1.0,building_blocks,COMMON,false
minecraft:jungle_slab,0,5,true,2.0,3.0,0.6,1.0,1.0,building_blocks,COMMON,false
minecraft:acacia_slab,0,5,true,2.0,3.0,0.6,1.0,1.0,building_blocks,COMMON,false
minecraft:dark_oak_slab,0,5,true,2.0,3.0,0.6,1.0,1.0,building_blocks,COMMON,false
minecraft:stone_slab,0,0,false,2.0,6.0,0.6,1.0,1.0,building_blocks,COMMON,true
minecraft:smooth_stone_slab,0,0,false,2.0,6.0,0.6,1.0,1.0,building_blocks,COMMON,true
minecraft:sandstone_slab,0,0,false,2.0,6.0,0.6,1.0,1.0,building_blocks,COMMON,true
minecraft:cut_sandstone_slab,0,0,false,2.0,6.0,0.6,1.0,1.0,building_blocks,COMMON,true
minecraft:petrified_oak_slab,0,0,false,2.0,6.0,0.6,1.0,1.0,building_blocks,COMMON,true
minecraft:cobblestone_slab,0,0,false,2.0,6.0,0.6,1.0,1.0,building_blocks,COMMON,true
minecraft:brick_slab,0,0,false,2.0,6.0,0.6,1.0,1.0,building_blocks,COMMON,true
minecraft:stone_brick_slab,0,0,false,2.0,6.0,0.6,1.0,1.0,building_blocks,COMMON,true
minecraft:nether_brick_slab,0,0,false,2.0,6.0,0.6,1.0,1.0,building_blocks,COMMON,true
minecraft:quartz_slab,0,0,false,2.0,6.0,0.6,1.0,1.0,building_blocks,COMMON,true
minecraft:red_sandstone_slab,0,0,false,2.0,6.0,0.6,1.0,1.0,building_blocks,COMMON,true
minecraft:cut_red_sandstone_slab,0,0,false,2.0,6.0,0.6,1.0,1.0,building_blocks,COMMON,true
minecraft:purpur_slab,0,0,false,2.0,6.0,0.6,1.0,1.0,building_blocks,COMMON,true
minecraft:smooth_stone,0,0,false,2.0,6.0,0.6,1.0,1.0,building_blocks,COMMON,true
minecraft:smooth_sandstone,0,0,false,2.0,6.0,0.6,1.0,1.0,building_blocks,COMMON,true
minecraft:smooth_quartz,0,0,false,2.0,6.0,0.6,1.0,1.0,building_blocks,COMMON,true
minecraft:smooth_red_sandstone,0,0,false,2.0,6.0,0.6,1.0,1.0,building_blocks,COMMON,true
minecraft:spruce_fence_gate,0,5,true,2.0,3.0,0.6,1.0,1.0,redstone,COMMON,false
minecraft:birch_fence_gate,0,5,true,2.0,3.0,0.6,1.0,1.0,redstone,COMMON,false
minecraft:jungle_fence_gate,0,5,true,2.0,3.0,0.6,1.0,1.0,redstone,COMMON,false
minecraft:acacia_fence_gate,0,5,true,2.0,3.0,0.6,1.0,1.0,redstone,COMMON,false
minecraft:dark_oak_fence_gate,0,5,true,2.0,3.0,0.6,1.0,1.0,redstone,COMMON,false
minecraft:spruce_fence,0,5,true,2.0,3.0,0.6,1.0,1.0,decorations,COMMON,false
minecraft:birch_fence,0,5,true,2.0,3.0,0.6,1.0,1.0,decorations,COMMON,false
minecraft:jungle_fence,0,5,true,2.0,3.0,0.6,1.0,1.0,decorations,COMMON,false
minecraft:acacia_fence,0,5,true,2.0,3.0,0.6,1.0,1.0,decorations,COMMON,false
minecraft:dark_oak_fence,0,5,true,2.0,3.0,0.6,1.0,1.0,decorations,COMMON,false
minecraft:spruce_door,0,0,false,3.0,3.0,0.6,1.0,1.0,redstone,COMMON,false
minecraft:birch_door,0,0,false,3.0,3.0,0.6,1.0,1.0,redstone,COMMON,false
minecraft:jungle_door,0,0,false,3.0,3.0,0.6,1.0,1.0,redstone,COMMON,false
minecraft:acacia_door,0,0,false,3.0,3.0,0.6,1.0,1.0,redstone,COMMON,false
minecraft:dark_oak_door,0,0,false,3.0,3.0,0.6,1.0,1.0,redstone,COMMON,false
minecraft:end_rod,14,0,false,0.0,0.0,0.6,1.0,1.0,decorations,COMMON,false
minecraft:chorus_plant,0,0,false,0.4,0.4,0.6,1.0,1.0,decorations,COMMON,false
minecraft:chorus_flower,0,0,false,0.4,0.4,0.6,1.0,1.0,decorations,COMMON,false
minecraft:purpur_block,0,0,false,1.5,6.0,0.6,1.0,1.0,building_blocks,COMMON,true
minecraft:purpur_pillar,0,0,false,1.5,6.0,0.6,1.0,1.0,building_blocks,COMMON,true
minecraft:purpur_stairs,0,0,false,1.5,6.0,0.6,1.0,1.0,building_blocks,COMMON,true
minecraft:end_stone_bricks,0,0,false,3.0,9.0,0.6,1.0,1.0,building_blocks,COMMON,true
minecraft:beetroots,0,0,false,0.0,0.0,0.6,1.0,1.0,misc,COMMON,false
minecraft:dirt_path,0,0,false,0.65,0.65,0.6,1.0,1.0,decorations,COMMON,false
minecraft:end_gateway,15,0,false,-1.0,3600000.0,0.6,1.0,1.0,misc,COMMON,false
minecraft:repeating_command_block,0,0,false,-1.0,3600000.0,0.6,1.0,1.0,misc,EPIC,true
minecraft:chain_command_block,0,0,false,-1.0,3600000.0,0.6,1.0,1.0,misc,EPIC,true
minecraft:frosted_ice,0,0,false,0.5,0.5,0.98,1.0,1.0,misc,COMMON,false
minecraft:magma_block,3,0,false,0.5,0.5,0.6,1.0,1.0,building_blocks,COMMON,true
minecraft:nether_wart_block,0,0,false,1.0,1.0,0.6,1.0,1.0,building_blocks,COMMON,false
minecraft:red_nether_bricks,0,0,false,2.0,6.0,0.6,1.0,1.0,building_blocks,COMMON,true
minecraft:bone_block,0,0,false,2.0,2.0,0.6,1.0,1.0,building_blocks,COMMON,true
minecraft:structure_void,0,0,false,0.0,0.0,0.6,1.0,1.0,misc,EPIC,false
minecraft:observer,0,0,false,3.0,3.0,0.6,1.0,1.0,redstone,COMMON,true
minecraft:shulker_box,0,0,false,2.0,2.0,0.6,1.0,1.0,decorations,COMMON,false
minecraft:white_shulker_box,0,0,false,2.0,2.0,0.6,1.0,1.0,decorations,COMMON,false
minecraft:orange_shulker_box,0,0,false,2.0,2.0,0.6,1.0,1.0,decorations,COMMON,false
minecraft:magenta_shulker_box,0,0,false,2.0,2.0,0.6,1.0,1.0,decorations,COMMON,false
minecraft:light_blue_shulker_box,0,0,false,2.0,2.0,0.6,1.0,1.0,decorations,COMMON,false
minecraft:yellow_shulker_box,0,0,false,2.0,2.0,0.6,1.0,1.0,decorations,COMMON,false
minecraft:lime_shulker_box,0,0,false,2.0,2.0,0.6,1.0,1.0,decorations,COMMON,false
minecraft:pink_shulker_box,0,0,false,2.0,2.0,0.6,1.0,1.0,decorations,COMMON,false
minecraft:gray_shulker_box,0,0,false,2.0,2.0,0.6,1.0,1.0,decorations,COMMON,false
minecraft:light_gray_shulker_box,0,0,false,2.0,2.0,0.6,1.0,1.0,decorations,COMMON,false
minecraft:cyan_shulker_box,0,0,false,2.0,2.0,0.6,1.0,1.0,decorations,COMMON,false
minecraft:purple_shulker_box,0,0,false,2.0,2.0,0.6,1.0,1.0,decorations,COMMON,false
minecraft:blue_shulker_box,0,0,false,2.0,2.0,0.6,1.0,1.0,decorations,COMMON,false
minecraft:brown_shulker_box,0,0,false,2.0,2.0,0.6,1.0,1.0,decorations,COMMON,false
minecraft:green_shulker_box,0,0,false,2.0,2.0,0.6,1.0,1.0,decorations,COMMON,false
minecraft:red_shulker_box,0,0,false,2.0,2.0,0.6,1.0,1.0,decorations,COMMON,false
minecraft:black_shulker_box,0,0,false,2.0,2.0,0.6,1.0,1.0,decorations,COMMON,false
minecraft:white_glazed_terracotta,0,0,false,1.4,1.4,0.6,1.0,1.0,decorations,COMMON,true
minecraft:orange_glazed_terracotta,0,0,false,1.4,1.4,0.6,1.0,1.0,decorations,COMMON,true
minecraft:magenta_glazed_terracotta,0,0,false,1.4,1.4,0.6,1.0,1.0,decorations,COMMON,true
minecraft:light_blue_glazed_terracotta,0,0,false,1.4,1.4,0.6,1.0,1.0,decorations,COMMON,true
minecraft:yellow_glazed_terracotta,0,0,false,1.4,1.4,0.6,1.0,1.0,decorations,COMMON,true
minecraft:lime_glazed_terracotta,0,0,false,1.4,1.4,0.6,1.0,1.0,decorations,COMMON,true
minecraft:pink_glazed_terracotta,0,0,false,1.4,1.4,0.6,1.0,1.0,decorations,COMMON,true
minecraft:gray_glazed_terracotta,0,0,false,1.4,1.4,0.6,1.0,1.0,decorations,COMMON,true
minecraft:light_gray_glazed_terracotta,0,0,false,1.4,1.4,0.6,1.0,1.0,decorations,COMMON,true
minecraft:cyan_glazed_terracotta,0,0,false,1.4,1.4,0.6,1.0,1.0,decorations,COMMON,true
minecraft:purple_glazed_terracotta,0,0,false,1.4,1.4,0.6,1.0,1.0,decorations,COMMON,true
minecraft:blue_glazed_terracotta,0,0,false,1.4,1.4,0.6,1.0,1.0,decorations,COMMON,true
minecraft:brown_glazed_terracotta,0,0,false,1.4,1.4,0.6,1.0,1.0,decorations,COMMON,true
minecraft:green_glazed_terracotta,0,0,false,1.4,1.4,0.6,1.0,1.0,decorations,COMMON,true
minecraft:red_glazed_terracotta,0,0,false,1.4,1.4,0.6,1.0,1.0,decorations,COMMON,true
minecraft:black_glazed_terracotta,0,0,false,1.4,1.4,0.6,1.0,1.0,decorations,COMMON,true
minecraft:white_concrete,0,0,false,1.8,1.8,0.6,1.0,1.0,building_blocks,COMMON,true
minecraft:orange_concrete,0,0,false,1.8,1.8,0.6,1.0,1.0,building_blocks,COMMON,true
minecraft:magenta_concrete,0,0,false,1.8,1.8,0.6,1.0,1.0,building_blocks,COMMON,true
minecraft:light_blue_concrete,0,0,false,1.8,1.8,0.6,1.0,1.0,building_blocks,COMMON,true
minecraft:yellow_concrete,0,0,false,1.8,1.8,0.6,1.0,1.0,building_blocks,COMMON,true
minecraft:lime_concrete,0,0,false,1.8,1.8,0.6,1.0,1.0,building_blocks,COMMON,true
minecraft:pink_concrete,0,0,false,1.8,1.8,0.6,1.0,1.0,building_blocks,COMMON,true
minecraft:gray_concrete,0,0,false,1.8,1.8,0.6,1.0,1.0,building_blocks,COMMON,true
minecraft:light_gray_concrete,0,0,false,1.8,1.8,0.6,1.0,1.0,building_blocks,COMMON,true
minecraft:cyan_concrete,0,0,false,1.8,1.8,0.6,1.0,1.0,building_blocks,COMMON,true
minecraft:purple_concrete,0,0,false,1.8,1.8,0.6,1.0,1.0,building_blocks,COMMON,true
minecraft:blue_concrete,0,0,false,1.8,1.8,0.6,1.0,1.0,building_blocks,COMMON,true
minecraft:brown_concrete,0,0,false,1.8,1.8,0.6,1.0,1.0,building_blocks,COMMON,true
minecraft:green_concrete,0,0,false,1.8,1.8,0.6,1.0,1.0,building_blocks,COMMON,true
minecraft:red_concrete,0,0,false,1.8,1.8,0.6,1.0,1.0,building_blocks,COMMON,true
minecraft:black_concrete,0,0,false,1.8,1.8,0.6,1.0,1.0,building_blocks,COMMON,true
minecraft:white_concrete_powder,0,0,false,0.5,0.5,0.6,1.0,1.0,building_blocks,COMMON,false
minecraft:orange_concrete_powder,0,0,false,0.5,0.5,0.6,1.0,1.0,building_blocks,COMMON,false
minecraft:magenta_concrete_powder,0,0,false,0.5,0.5,0.6,1.0,1.0,building_blocks,COMMON,false
minecraft:light_blue_concrete_powder,0,0,false,0.5,0.5,0.6,1.0,1.0,building_blocks,COMMON,false
minecraft:yellow_concrete_powder,0,0,false,0.5,0.5,0.6,1.0,1.0,building_blocks,COMMON,false
minecraft:lime_concrete_powder,0,0,false,0.5,0.5,0.6,1.0,1.0,building_blocks,COMMON,false
minecraft:pink_concrete_powder,0,0,false,0.5,0.5,0.6,1.0,1.0,building_blocks,COMMON,false
minecraft:gray_concrete_powder,0,0,false,0.5,0.5,0.6,1.0,1.0,building_blocks,COMMON,false
minecraft:light_gray_concrete_powder,0,0,false,0.5,0.5,0.6,1.0,1.0,building_blocks,COMMON,false
minecraft:cyan_concrete_powder,0,0,false,0.5,0.5,0.6,1.0,1.0,building_blocks,COMMON,false
minecraft:purple_concrete_powder,0,0,false,0.5,0.5,0.6,1.0,1.0,building_blocks,COMMON,false
minecraft:blue_concrete_powder,0,0,false,0.5,0.5,0.6,1.0,1.0,building_blocks,COMMON,false
minecraft:brown_concrete_powder,0,0,false,0.5,0.5,0.6,1.0,1.0,building_blocks,COMMON,false
minecraft:green_concrete_powder,0,0,false,0.5,0.5,0.6,1.0,1.0,building_blocks,COMMON,false
minecraft:red_concrete_powder,0,0,false,0.5,0.5,0.6,1.0,1.0,building_blocks,COMMON,false
minecraft:black_concrete_powder,0,0,false,0.5,0.5,0.6,1.0,1.0,building_blocks,COMMON,false
minecraft:kelp,0,0,false,0.0,0.0,0.6,1.0,1.0,decorations,COMMON,false
minecraft:kelp_plant,0,0,false,0.0,0.0,0.6,1.0,1.0,misc,COMMON,false
minecraft:dried_kelp_block,0,30,true,0.5,2.5,0.6,1.0,1.0,building_blocks,COMMON,false
minecraft:turtle_egg,0,0,false,0.5,0.5,0.6,1.0,1.0,misc,COMMON,false
minecraft:dead_tube_coral_block,0,0,false,1.5,6.0,0.6,1.0,1.0,building_blocks,COMMON,true
minecraft:dead_brain_coral_block,0,0,false,1.5,6.0,0.6,1.0,1.0,building_blocks,COMMON,true
minecraft:dead_bubble_coral_block,0,0,false,1.5,6.0,0.6,1.0,1.0,building_blocks,COMMON,true
minecraft:dead_fire_coral_block,0,0,false,1.5,6.0,0.6,1.0,1.0,building_blocks,COMMON,true
minecraft:dead_horn_coral_block,0,0,false,1.5,6.0,0.6,1.0,1.0,building_blocks,COMMON,true
minecraft:tube_coral_block,0,0,false,1.5,6.0,0.6,1.0,1.0,building_blocks,COMMON,true
minecraft:brain_coral_block,0,0,false,1.5,6.0,0.6,1.0,1.0,building_blocks,COMMON,true
minecraft:bubble_coral_block,0,0,false,1.5,6.0,0.6,1.0,1.0,building_blocks,COMMON,true
minecraft:fire_coral_block,0,0,false,1.5,6.0,0.6,1.0,1.0,building_blocks,COMMON,true
minecraft:horn_coral_block,0,0,false,1.5,6.0,0.6,1.0,1.0,building_blocks,COMMON,true
minecraft:dead_tube_coral,0,0,false,0.0,0.0,0.6,1.0,1.0,decorations,COMMON,true
minecraft:dead_brain_coral,0,0,false,0.0,0.0,0.6,1.0,1.0,decorations,COMMON,true
minecraft:dead_bubble_coral,0,0,false,0.0,0.0,0.6,1.0,1.0,decorations,COMMON,true
minecraft:dead_fire_coral,0,0,false,0.0,0.0,0.6,1.0,1.0,decorations,COMMON,true
minecraft:dead_horn_coral,0,0,false,0.0,0.0,0.6,1.0,1.0,decorations,COMMON,true
minecraft:tube_coral,0,0,false,0.0,0.0,0.6,1.0,1.0,decorations,COMMON,false
minecraft:brain_coral,0,0,false,0.0,0.0,0.6,1.0,1.0,decorations,COMMON,false
minecraft:bubble_coral,0,0,false,0.0,0.0,0.6,1.0,1.0,decorations,COMMON,false
minecraft:fire_coral,0,0,false,0.0,0.0,0.6,1.0,1.0,decorations,COMMON,false
minecraft:horn_coral,0,0,false,0.0,0.0,0.6,1.0,1.0,decorations,COMMON,false
minecraft:dead_tube_coral_fan,0,0,false,0.0,0.0,0.6,1.0,1.0,decorations,COMMON,true
minecraft:dead_brain_coral_fan,0,0,false,0.0,0.0,0.6,1.0,1.0,decorations,COMMON,true
minecraft:dead_bubble_coral_fan,0,0,false,0.0,0.0,0.6,1.0,1.0,decorations,COMMON,true
minecraft:dead_fire_coral_fan,0,0,false,0.0,0.0,0.6,1.0,1.0,decorations,COMMON,true
minecraft:dead_horn_coral_fan,0,0,false,0.0,0.0,0.6,1.0,1.0,decorations,COMMON,true
minecraft:tube_coral_fan,0,0,false,0.0,0.0,0.6,1.0,1.0,decorations,COMMON,false
minecraft:brain_coral_fan,0,0,false,0.0,0.0,0.6,1.0,1.0,decorations,COMMON,false
minecraft:bubble_coral_fan,0,0,false,0.0,0.0,0.6,1.0,1.0,decorations,COMMON,false
minecraft:fire_coral_fan,0,0,false,0.0,0.0,0.6,1.0,1.0,decorations,COMMON,false
minecraft:horn_coral_fan,0,0,false,0.0,0.0,0.6,1.0,1.0,decorations,COMMON,false
minecraft:dead_tube_coral_wall_fan,0,0,false,0.0,0.0,0.6,1.0,1.0,decorations,COMMON,true
minecraft:dead_brain_coral_wall_fan,0,0,false,0.0,0.0,0.6,1.0,1.0,decorations,COMMON,true
minecraft:dead_bubble_coral_wall_fan,0,0,false,0.0,0.0,0.6,1.0,1.0,decorations,COMMON,true
minecraft:dead_fire_coral_wall_fan,0,0,false,0.0,0.0,0.6,1.0,1.0,decorations,COMMON,true
minecraft:dead_horn_coral_wall_fan,0,0,false,0.0,0.0,0.6,1.0,1.0,decorations,COMMON,true
minecraft:tube_coral_wall_fan,0,0,false,0.0,0.0,0.6,1.0,1.0,decorations,COMMON,false
minecraft:brain_coral_wall_fan,0,0,false,0.0,0.0,0.6,1.0,1.0,decorations,COMMON,false
minecraft:bubble_coral_wall_fan,0,0,false,0.0,0.0,0.6,1.0,1.0,decorations,COMMON,false
minecraft:fire_coral_wall_fan,0,0,false,0.0,0.0,0.6,1.0,1.0,decorations,COMMON,false
minecraft:horn_coral_wall_fan,0,0,false,0.0,0.0,0.6,1.0,1.0,decorations,COMMON,false
minecraft:sea_pickle,6,0,false,0.0,0.0,0.6,1.0,1.0,decorations,COMMON,false
minecraft:blue_ice,0,0,false,2.8,2.8,0.989,1.0,1.0,building_blocks,COMMON,false
minecraft:conduit,15,0,false,3.0,3.0,0.6,1.0,1.0,misc,RARE,false
minecraft:bamboo_sapling,0,0,false,1.0,1.0,0.6,1.0,1.0,misc,COMMON,false
minecraft:bamboo,0,60,true,1.0,1.0,0.6,1.0,1.0,decorations,COMMON,false
minecraft:potted_bamboo,0,0,false,0.0,0.0,0.6,1.0,1.0,misc,COMMON,false
minecraft:void_air,0,0,false,0.0,0.0,0.6,1.0,1.0,misc,COMMON,false
minecraft:cave_air,0,0,false,0.0,0.0,0.6,1.0,1.0,misc,COMMON,false
minecraft:bubble_column,0,0,false,0.0,0.0,0.6,1.0,1.0,misc,COMMON,false
minecraft:polished_granite_stairs,0,0,false,1.5,6.0,0.6,1.0,1.0,building_blocks,COMMON,true
minecraft:smooth_red_sandstone_stairs,0,0,false,2.0,6.0,0.6,1.0,1.0,building_blocks,COMMON,true
minecraft:mossy_stone_brick_stairs,0,0,false,1.5,6.0,0.6,1.0,1.0,building_blocks,COMMON,true
minecraft:polished_diorite_stairs,0,0,false,1.5,6.0,0.6,1.0,1.0,building_blocks,COMMON,true
minecraft:mossy_cobblestone_stairs,0,0,false,2.0,6.0,0.6,1.0,1.0,building_blocks,COMMON,true
minecraft:end_stone_brick_stairs,0,0,false,3.0,9.0,0.6,1.0,1.0,building_blocks,COMMON,true
minecraft:stone_stairs,0,0,false,1.5,6.0,0.6,1.0,1.0,building_blocks,COMMON,true
minecraft:smooth_sandstone_stairs,0,0,false,2.0,6.0,0.6,1.0,1.0,building_blocks,COMMON,true
minecraft:smooth_quartz_stairs,0,0,false,2.0,6.0,0.6,1.0,1.0,building_blocks,COMMON,true
minecraft:granite_stairs,0,0,false,1.5,6.0,0.6,1.0,1.0,building_blocks,COMMON,true
minecraft:andesite_stairs,0,0,false,1.5,6.0,0.6,1.0,1.0,building_blocks,COMMON,true
minecraft:red_nether_brick_stairs,0,0,false,2.0,6.0,0.6,1.0,1.0,building_blocks,COMMON,true
minecraft:polished_andesite_stairs,0,0,false,1.5,6.0,0.6,1.0,1.0,building_blocks,COMMON,true
minecraft:diorite_stairs,0,0,false,1.5,6.0,0.6,1.0,1.0,building_blocks,COMMON,true
minecraft:polished_granite_slab,0,0,false,1.5,6.0,0.6,1.0,1.0,building_blocks,COMMON,true
minecraft:smooth_red_sandstone_slab,0,0,false,2.0,6.0,0.6,1.0,1.0,building_blocks,COMMON,true
minecraft:mossy_stone_brick_slab,0,0,false,1.5,6.0,0.6,1.0,1.0,building_blocks,COMMON,true
minecraft:polished_diorite_slab,0,0,false,1.5,6.0,0.6,1.0,1.0,building_blocks,COMMON,true
minecraft:mossy_cobblestone_slab,0,0,false,2.0,6.0,0.6,1.0,1.0,building_blocks,COMMON,true
minecraft:end_stone_brick_slab,0,0,false,3.0,9.0,0.6,1.0,1.0,building_blocks,COMMON,true
minecraft:smooth_sandstone_slab,0,0,false,2.0,6.0,0.6,1.0,1.0,building_blocks,COMMON,true
minecraft:smooth_quartz_slab,0,0,false,2.0,6.0,0.6,1.0,1.0,building_blocks,COMMON,true
minecraft:granite_slab,0,0,false,1.5,6.0,0.6,1.0,1.0,building_blocks,COMMON,true
minecraft:andesite_slab,0,0,false,1.5,6.0,0.6,1.0,1.0,building_blocks,COMMON,true
minecraft:red_nether_brick_slab,0,0,false,2.0,6.0,0.6,1.0,1.0,building_blocks,COMMON,true
minecraft:polished_andesite_slab,0,0,false,1.5,6.0,0.6,1.0,1.0,building_blocks,COMMON,true
minecraft:diorite_slab,0,0,false,1.5,6.0,0.6,1.0,1.0,building_blocks,COMMON,true
minecraft:brick_wall,0,0,false,2.0,6.0,0.6,1.0,1.0,decorations,COMMON,true
minecraft:prismarine_wall,0,0,false,1.5,6.0,0.6,1.0,1.0,decorations,COMMON,true
minecraft:red_sandstone_wall,0,0,false,0.8,0.8,0.6,1.0,1.0,decorations,COMMON,true
minecraft:mossy_stone_brick_wall,0,0,false,1.5,6.0,0.6,1.0,1.0,decorations,COMMON,true
minecraft:granite_wall,0,0,false,1.5,6.0,0.6,1.0,1.0,decorations,COMMON,true
minecraft:stone_brick_wall,0,0,false,1.5,6.0,0.6,1.0,1.0,decorations,COMMON,true
minecraft:nether_brick_wall,0,0,false,2.0,6.0,0.6,1.0,1.0,decorations,COMMON,true
minecraft:andesite_wall,0,0,false,1.5,6.0,0.6,1.0,1.0,decorations,COMMON,true
minecraft:red_nether_brick_wall,0,0,false,2.0,6.0,0.6,1.0,1.0,decorations,COMMON,true
minecraft:sandstone_wall,0,0,false,0.8,0.8,0.6,1.0,1.0,decorations,COMMON,true
minecraft:end_stone_brick_wall,0,0,false,3.0,9.0,0.6,1.0,1.0,decorations,COMMON,true
minecraft:diorite_wall,0,0,false,1.5,6.0,0.6,1.0,1.0,decorations,COMMON,true
minecraft:scaffolding,0,60,true,0.0,0.0,0.6,1.0,1.0,decorations,COMMON,false
minecraft:loom,0,0,false,2.5,2.5,0.6,1.0,1.0,decorations,COMMON,false
minecraft:barrel,0,0,false,2.5,2.5,0.6,1.0,1.0,decorations,COMMON,false
minecraft:smoker,0,0,false,3.5,3.5,0.6,1.0,1.0,decorations,COMMON,true
minecraft:blast_furnace,0,0,false,3.5,3.5,0.6,1.0,1.0,decorations,COMMON,true
minecraft:cartography_table,0,0,false,2.5,2.5,0.6,1.0,1.0,decorations,COMMON,false
minecraft:fletching_table,0,0,false,2.5,2.5,0.6,1.0,1.0,decorations,COMMON,false
minecraft:grindstone,0,0,false,2.0,6.0,0.6,1.0,1.0,decorations,COMMON,true
minecraft:lectern,0,30,true,2.5,2.5,0.6,1.0,1.0,redstone,COMMON,false
minecraft:smithing_table,0,0,false,2.5,2.5,0.6,1.0,1.0,decorations,COMMON,false
minecraft:stonecutter,0,0,false,3.5,3.5,0.6,1.0,1.0,decorations,COMMON,true
minecraft:bell,0,0,false,5.0,5.0,0.6,1.0,1.0,decorations,COMMON,true
minecraft:lantern,15,0,false,3.5,3.5,0.6,1.0,1.0,decorations,COMMON,true
minecraft:soul_lantern,10,0,false,3.5,3.5,0.6,1.0,1.0,decorations,COMMON,true
minecraft:campfire,15,0,false,2.0,2.0,0.6,1.0,1.0,decorations,COMMON,false
minecraft:soul_campfire,10,0,false,2.0,2.0,0.6,1.0,1.0,decorations,COMMON,false
minecraft:sweet_berry_bush,0,60,true,0.0,0.0,0.6,1.0,1.0,food,COMMON,false
minecraft:warped_stem,0,0,false,2.0,2.0,0.6,1.0,1.0,building_blocks,COMMON,false
minecraft:stripped_warped_stem,0,0,false,2.0,2.0,0.6,1.0,1.0,building_blocks,COMMON,false
minecraft:warped_hyphae,0,0,false,2.0,2.0,0.6,1.0,1.0,building_blocks,COMMON,false
minecraft:stripped_warped_hyphae,0,0,false,2.0,2.0,0.6,1.0,1.0,building_blocks,COMMON,false
minecraft:warped_nylium,0,0,false,0.4,0.4,0.6,1.0,1.0,building_blocks,COMMON,true
minecraft:warped_fungus,0,0,false,0.0,0.0,0.6,1.0,1.0,decorations,COMMON,false
minecraft:warped_wart_block,0,0,false,1.0,1.0,0.6,1.0,1.0,building_blocks,COMMON,false
minecraft:warped_roots,0,0,false,0.0,0.0,0.6,1.0,1.0,decorations,COMMON,false
minecraft:nether_sprouts,0,0,false,0.0,0.0,0.6,1.0,1.0,decorations,COMMON,false
minecraft:crimson_stem,0,0,false,2.0,2.0,0.6,1.0,1.0,building_blocks,COMMON,false
minecraft:stripped_crimson_stem,0,0,false,2.0,2.0,0.6,1.0,1.0,building_blocks,COMMON,false
minecraft:crimson_hyphae,0,0,false,2.0,2.0,0.6,1.0,1.0,building_blocks,COMMON,false
minecraft:stripped_crimson_hyphae,0,0,false,2.0,2.0,0.6,1.0,1.0,building_blocks,COMMON,false
minecraft:crimson_nylium,0,0,false,0.4,0.4,0.6,1.0,1.0,building_blocks,COMMON,true
minecraft:crimson_fungus,0,0,false,0.0,0.0,0.6,1.0,1.0,decorations,COMMON,false
minecraft:shroomlight,15,0,false,1.0,1.0,0.6,1.0,1.0,decorations,COMMON,false
minecraft:weeping_vines,0,0,false,0.0,0.0,0.6,1.0,1.0,decorations,COMMON,false
minecraft:weeping_vines_plant,0,0,false,0.0,0.0,0.6,1.0,1.0,misc,COMMON,false
minecraft:twisting_vines,0,0,false,0.0,0.0,0.6,1.0,1.0,decorations,COMMON,false
minecraft:twisting_vines_plant,0,0,false,0.0,0.0,0.6,1.0,1.0,misc,COMMON,false
minecraft:crimson_roots,0,0,false,0.0,0.0,0.6,1.0,1.0,decorations,COMMON,false
minecraft:crimson_planks,0,0,false,2.0,3.0,0.6,1.0,1.0,building_blocks,COMMON,false
minecraft:warped_planks,0,0,false,2.0,3.0,0.6,1.0,1.0,building_blocks,COMMON,false
minecraft:crimson_slab,0,0,false,2.0,3.0,0.6,1.0,1.0,building_blocks,COMMON,false
minecraft:warped_slab,0,0,false,2.0,3.0,0.6,1.0,1.0,building_blocks,COMMON,false
minecraft:crimson_pressure_plate,0,0,false,0.5,0.5,0.6,1.0,1.0,redstone,COMMON,false
minecraft:warped_pressure_plate,0,0,false,0.5,0.5,0.6,1.0,1.0,redstone,COMMON,false
minecraft:crimson_fence,0,0,false,2.0,3.0,0.6,1.0,1.0,decorations,COMMON,false
minecraft:warped_fence,0,0,false,2.0,3.0,0.6,1.0,1.0,decorations,COMMON,false
minecraft:crimson_trapdoor,0,0,false,3.0,3.0,0.6,1.0,1.0,redstone,COMMON,false
minecraft:warped_trapdoor,0,0,false,3.0,3.0,0.6,1.0,1.0,redstone,COMMON,false
minecraft:crimson_fence_gate,0,0,false,2.0,3.0,0.6,1.0,1.0,redstone,COMMON,false
minecraft:warped_fence_gate,0,0,false,2.0,3.0,0.6,1.0,1.0,redstone,COMMON,false
minecraft:crimson_stairs,0,0,false,2.0,3.0,0.6,1.0,1.0,building_blocks,COMMON,false
minecraft:warped_stairs,0,0,false,2.0,3.0,0.6,1.0,1.0,building_blocks,COMMON,false
minecraft:crimson_button,0,0,false,0.5,0.5,0.6,1.0,1.0,redstone,COMMON,false
minecraft:warped_button,0,0,false,0.5,0.5,0.6,1.0,1.0,redstone,COMMON,false
minecraft:crimson_door,0,0,false,3.0,3.0,0.6,1.0,1.0,redstone,COMMON,false
minecraft:warped_door,0,0,false,3.0,3.0,0.6,1.0,1.0,redstone,COMMON,false
minecraft:crimson_sign,0,0,false,1.0,1.0,0.6,1.0,1.0,decorations,COMMON,false
minecraft:warped_sign,0,0,false,1.0,1.0,0.6,1.0,1.0,decorations,COMMON,false
minecraft:crimson_wall_sign,0,0,false,1.0,1.0,0.6,1.0,1.0,decorations,COMMON,false
minecraft:warped_wall_sign,0,0,false,1.0,1.0,0.6,1.0,1.0,decorations,COMMON,false
minecraft:structure_block,0,0,false,-1.0,3600000.0,0.6,1.0,1.0,misc,EPIC,true
minecraft:jigsaw,0,0,false,-1.0,3600000.0,0.6,1.0,1.0,misc,EPIC,true
minecraft:composter,0,5,true,0.6,0.6,0.6,1.0,1.0,decorations,COMMON,false
minecraft:target,0,15,true,0.5,0.5,0.6,1.0,1.0,redstone,COMMON,false
minecraft:bee_nest,0,30,true,0.3,0.3,0.6,1.0,1.0,decorations,COMMON,false
minecraft:beehive,0,5,true,0.6,0.6,0.6,1.0,1.0,decorations,COMMON,false
minecraft:honey_block,0,0,false,0.0,0.0,0.6,0.4,0.5,redstone,COMMON,false
minecraft:honeycomb_block,0,0,false,0.6,0.6,0.6,1.0,1.0,decorations,COMMON,false
minecraft:netherite_block,0,0,false,50.0,1200.0,0.6,1.0,1.0,building_blocks,COMMON,true
minecraft:ancient_debris,0,0,false,30.0,1200.0,0.6,1.0,1.0,building_blocks,COMMON,true
minecraft:crying_obsidian,10,0,false,50.0,1200.0,0.6,1.0,1.0,building_blocks,COMMON,true
minecraft:respawn_anchor,0,0,false,50.0,1200.0,0.6,1.0,1.0,decorations,COMMON,true
minecraft:potted_crimson_fungus,0,0,false,0.0,0.0,0.6,1.0,1.0,misc,COMMON,false
minecraft:potted_warped_fungus,0,0,false,0.0,0.0,0.6,1.0,1.0,misc,COMMON,false
minecraft:potted_crimson_roots,0,0,false,0.0,0.0,0.6,1.0,1.0,misc,COMMON,false
minecraft:potted_warped_roots,0,0,false,0.0,0.0,0.6,1.0,1.0,misc,COMMON,false
minecraft:lodestone,0,0,false,3.5,3.5,0.6,1.0,1.0,decorations,COMMON,true
minecraft:blackstone,0,0,false,1.5,6.0,0.6,1.0,1.0,building_blocks,COMMON,true
minecraft:blackstone_stairs,0,0,false,1.5,6.0,0.6,1.0,1.0,building_blocks,COMMON,true
minecraft:blackstone_wall,0,0,false,1.5,6.0,0.6,1.0,1.0,decorations,COMMON,true
minecraft:blackstone_slab,0,0,false,2.0,6.0,0.6,1.0,1.0,building_blocks,COMMON,true
minecraft:polished_blackstone,0,0,false,2.0,6.0,0.6,1.0,1.0,building_blocks,COMMON,true
minecraft:polished_blackstone_bricks,0,0,false,1.5,6.0,0.6,1.0,1.0,building_blocks,COMMON,true
minecraft:cracked_polished_blackstone_bricks,0,0,false,1.5,6.0,0.6,1.0,1.0,building_blocks,COMMON,true
minecraft:chiseled_polished_blackstone,0,0,false,1.5,6.0,0.6,1.0,1.0,building_blocks,COMMON,true
minecraft:polished_blackstone_brick_slab,0,0,false,2.0,6.0,0.6,1.0,1.0,building_blocks,COMMON,true
minecraft:polished_blackstone_brick_stairs,0,0,false,1.5,6.0,0.6,1.0,1.0,building_blocks,COMMON,true
minecraft:polished_blackstone_brick_wall,0,0,false,1.5,6.0,0.6,1.0,1.0,decorations,COMMON,true
minecraft:gilded_blackstone,0,0,false,1.5,6.0,0.6,1.0,1.0,building_blocks,COMMON,true
minecraft:polished_blackstone_stairs,0,0,false,2.0,6.0,0.6,1.0,1.0,building_blocks,COMMON,true
minecraft:polished_blackstone_slab,0,0,false,2.0,6.0,0.6,1.0,1.0,building_blocks,COMMON,true
minecraft:polished_blackstone_pressure_plate,0,0,false,0.5,0.5,0.6,1.0,1.0,redstone,COMMON,true
minecraft:polished_blackstone_button,0,0,false,0.5,0.5,0.6,1.0,1.0,redstone,COMMON,false
minecraft:polished_blackstone_wall,0,0,false,2.0,6.0,0.6,1.0,1.0,decorations,COMMON,true
minecraft:chiseled_nether_bricks,0,0,false,2.0,6.0,0.6,1.0,1.0,building_blocks,COMMON,true
minecraft:cracked_nether_bricks,0,0,false,2.0,6.0,0.6,1.0,1.0,building_blocks,COMMON,true
minecraft:quartz_bricks,0,0,false,0.8,0.8,0.6,1.0,1.0,building_blocks,COMMON,true
minecraft:candle,0,0,false,0.1,0.1,0.6,1.0,1.0,decorations,COMMON,false
minecraft:white_candle,0,0,false,0.1,0.1,0.6,1.0,1.0,decorations,COMMON,false
minecraft:orange_candle,0,0,false,0.1,0.1,0.6,1.0,1.0,decorations,COMMON,false
minecraft:magenta_candle,0,0,false,0.1,0.1,0.6,1.0,1.0,decorations,COMMON,false
minecraft:light_blue_candle,0,0,false,0.1,0.1,0.6,1.0,1.0,decorations,COMMON,false
minecraft:yellow_candle,0,0,false,0.1,0.1,0.6,1.0,1.0,decorations,COMMON,false
minecraft:lime_candle,0,0,false,0.1,0.1,0.6,1.0,1.0,decorations,COMMON,false
minecraft:pink_candle,0,0,false,0.1,0.1,0.6,1.0,1.0,decorations,COMMON,false
minecraft:gray_candle,0,0,false,0.1,0.1,0.6,1.0,1.0,decorations,COMMON,false
minecraft:light_gray_candle,0,0,false,0.1,0.1,0.6,1.0,1.0,decorations,COMMON,false
minecraft:cyan_candle,0,0,false,0.1,0.1,0.6,1.0,1.0,decorations,COMMON,false
minecraft:purple_candle,0,0,false,0.1,0.1,0.6,1.0,1.0,decorations,COMMON,false
minecraft:blue_candle,0,0,false,0.1,0.1,0.6,1.0,1.0,decorations,COMMON,false
minecraft:brown_candle,0,0,false,0.1,0.1,0.6,1.0,1.0,decorations,COMMON,false
minecraft:green_candle,0,0,false,0.1,0.1,0.6,1.0,1.0,decorations,COMMON,false
minecraft:red_candle,0,0,false,0.1,0.1,0.6,1.0,1.0,decorations,COMMON,false
minecraft:black_candle,0,0,false,0.1,0.1,0.6,1.0,1.0,decorations,COMMON,false
minecraft:candle_cake,0,0,false,0.5,0.5,0.6,1.0,1.0,misc,COMMON,false
minecraft:white_candle_cake,0,0,false,0.5,0.5,0.6,1.0,1.0,misc,COMMON,false
minecraft:orange_candle_cake,0,0,false,0.5,0.5,0.6,1.0,1.0,misc,COMMON,false
minecraft:magenta_candle_cake,0,0,false,0.5,0.5,0.6,1.0,1.0,misc,COMMON,false
minecraft:light_blue_candle_cake,0,0,false,0.5,0.5,0.6,1.0,1.0,misc,COMMON,false
minecraft:yellow_candle_cake,0,0,false,0.5,0.5,0.6,1.0,1.0,misc,COMMON,false
minecraft:lime_candle_cake,0,0,false,0.5,0.5,0.6,1.0,1.0,misc,COMMON,false
minecraft:pink_candle_cake,0,0,false,0.5,0.5,0.6,1.0,1.0,misc,COMMON,false
minecraft:gray_candle_cake,0,0,false,0.5,0.5,0.6,1.0,1.0,misc,COMMON,false
minecraft:light_gray_candle_cake,0,0,false,0.5,0.5,0.6,1.0,1.0,misc,COMMON,false
minecraft:cyan_candle_cake,0,0,false,0.5,0.5,0.6,1.0,1.0,misc,COMMON,false
minecraft:purple_candle_cake,0,0,false,0.5,0.5,0.6,1.0,1.0,misc,COMMON,false
minecraft:blue_candle_cake,0,0,false,0.5,0.5,0.6,1.0,1.0,misc,COMMON,false
minecraft:brown_candle_cake,0,0,false,0.5,0.5,0.6,1.0,1.0,misc,COMMON,false
minecraft:green_candle_cake,0,0,false,0.5,0.5,0.6,1.0,1.0,misc,COMMON,false
minecraft:red_candle_cake,0,0,false,0.5,0.5,0.6,1.0,1.0,misc,COMMON,false
minecraft:black_candle_cake,0,0,false,0.5,0.5,0.6,1.0,1.0,misc,COMMON,false
minecraft:amethyst_block,0,0,false,1.5,1.5,0.6,1.0,1.0,building_blocks,COMMON,true
minecraft:budding_amethyst,0,0,false,1.5,1.5,0.6,1.0,1.0,building_blocks,COMMON,true
minecraft:amethyst_cluster,5,0,false,1.5,1.5,0.6,1.0,1.0,decorations,COMMON,false
minecraft:large_amethyst_bud,4,0,false,1.5,1.5,0.6,1.0,1.0,decorations,COMMON,false
minecraft:medium_amethyst_bud,2,0,false,1.5,1.5,0.6,1.0,1.0,decorations,COMMON,false
minecraft:small_amethyst_bud,1,0,false,1.5,1.5,0.6,1.0,1.0,decorations,COMMON,false
minecraft:tuff,0,0,false,1.5,6.0,0.6,1.0,1.0,building_blocks,COMMON,true
minecraft:calcite,0,0,false,0.75,0.75,0.6,1.0,1.0,building_blocks,COMMON,true
minecraft:tinted_glass,0,0,false,0.3,0.3,0.6,1.0,1.0,building_blocks,COMMON,false
minecraft:powder_snow,0,0,false,0.25,0.25,0.6,1.0,1.0,misc,COMMON,false
minecraft:sculk_sensor,1,0,false,1.5,1.5,0.6,1.0,1.0,misc,COMMON,false
minecraft:oxidized_copper,0,0,false,3.0,6.0,0.6,1.0,1.0,building_blocks,COMMON,true
minecraft:weathered_copper,0,0,false,3.0,6.0,0.6,1.0,1.0,building_blocks,COMMON,true
minecraft:exposed_copper,0,0,false,3.0,6.0,0.6,1.0,1.0,building_blocks,COMMON,true
minecraft:copper_block,0,0,false,3.0,6.0,0.6,1.0,1.0,building_blocks,COMMON,true
minecraft:copper_ore,0,0,false,3.0,3.0,0.6,1.0,1.0,building_blocks,COMMON,true
minecraft:deepslate_copper_ore,0,0,false,4.5,3.0,0.6,1.0,1.0,building_blocks,COMMON,true
minecraft:oxidized_cut_copper,0,0,false,3.0,6.0,0.6,1.0,1.0,building_blocks,COMMON,true
minecraft:weathered_cut_copper,0,0,false,3.0,6.0,0.6,1.0,1.0,building_blocks,COMMON,true
minecraft:exposed_cut_copper,0,0,false,3.0,6.0,0.6,1.0,1.0,building_blocks,COMMON,true
minecraft:cut_copper,0,0,false,3.0,6.0,0.6,1.0,1.0,building_blocks,COMMON,true
minecraft:oxidized_cut_copper_stairs,0,0,false,3.0,6.0,0.6,1.0,1.0,building_blocks,COMMON,true
minecraft:weathered_cut_copper_stairs,0,0,false,3.0,6.0,0.6,1.0,1.0,building_blocks,COMMON,true
minecraft:exposed_cut_copper_stairs,0,0,false,3.0,6.0,0.6,1.0,1.0,building_blocks,COMMON,true
minecraft:cut_copper_stairs,0,0,false,3.0,6.0,0.6,1.0,1.0,building_blocks,COMMON,true
minecraft:oxidized_cut_copper_slab,0,0,false,3.0,6.0,0.6,1.0,1.0,building_blocks,COMMON,true
minecraft:weathered_cut_copper_slab,0,0,false,3.0,6.0,0.6,1.0,1.0,building_blocks,COMMON,true
minecraft:exposed_cut_copper_slab,0,0,false,3.0,6.0,0.6,1.0,1.0,building_blocks,COMMON,true
minecraft:cut_copper_slab,0,0,false,3.0,6.0,0.6,1.0,1.0,building_blocks,COMMON,true
minecraft:waxed_copper_block,0,0,false,3.0,6.0,0.6,1.0,1.0,building_blocks,COMMON,true
minecraft:waxed_weathered_copper,0,0,false,3.0,6.0,0.6,1.0,1.0,building_blocks,COMMON,true
minecraft:waxed_exposed_copper,0,0,false,3.0,6.0,0.6,1.0,1.0,building_blocks,COMMON,true
minecraft:waxed_oxidized_copper,0,0,false,3.0,6.0,0.6,1.0,1.0,building_blocks,COMMON,true
minecraft:waxed_oxidized_cut_copper,0,0,false,3.0,6.0,0.6,1.0,1.0,building_blocks,COMMON,true
minecraft:waxed_weathered_cut_copper,0,0,false,3.0,6.0,0.6,1.0,1.0,building_blocks,COMMON,true
minecraft:waxed_exposed_cut_copper,0,0,false,3.0,6.0,0.6,1.0,1.0,building_blocks,COMMON,true
minecraft:waxed_cut_copper,0,0,false,3.0,6.0,0.6,1.0,1.0,building_blocks,COMMON,true
minecraft:waxed_oxidized_cut_copper_stairs,0,0,false,3.0,6.0,0.6,1.0,1.0,building_blocks,COMMON,true
minecraft:waxed_weathered_cut_copper_stairs,0,0,false,3.0,6.0,0.6,1.0,1.0,building_blocks,COMMON,true
minecraft:waxed_exposed_cut_copper_stairs,0,0,false,3.0,6.0,0.6,1.0,1.0,building_blocks,COMMON,true
minecraft:waxed_cut_copper_stairs,0,0,false,3.0,6.0,0.6,1.0,1.0,building_blocks,COMMON,true
minecraft:waxed_oxidized_cut_copper_slab,0,0,false,3.0,6.0,0.6,1.0,1.0,building_blocks,COMMON,true
minecraft:waxed_weathered_cut_copper_slab,0,0,false,3.0,6.0,0.6,1.0,1.0,building_blocks,COMMON,true
minecraft:waxed_exposed_cut_copper_slab,0,0,false,3.0,6.0,0.6,1.0,1.0,building_blocks,COMMON,true
minecraft:waxed_cut_copper_slab,0,0,false,3.0,6.0,0.6,1.0,1.0,building_blocks,COMMON,true
minecraft:lightning_rod,0,0,false,3.0,6.0,0.6,1.0,1.0,redstone,COMMON,true
minecraft:pointed_dripstone,0,0,false,1.5,3.0,0.6,1.0,1.0,decorations,COMMON,false
minecraft:dripstone_block,0,0,false,1.5,1.0,0.6,1.0,1.0,building_blocks,COMMON,true
minecraft:cave_vines,0,15,true,0.0,0.0,0.6,1.0,1.0,food,COMMON,false
minecraft:cave_vines_plant,0,15,true,0.0,0.0,0.6,1.0,1.0,misc,COMMON,false
minecraft:spore_blossom,0,60,true,0.0,0.0,0.6,1.0,1.0,decorations,COMMON,false
minecraft:azalea,0,30,true,0.0,0.0,0.6,1.0,1.0,decorations,COMMON,false
minecraft:flowering_azalea,0,30,true,0.0,0.0,0.6,1.0,1.0,decorations,COMMON,false
minecraft:moss_carpet,0,0,false,0.1,0.1,0.6,1.0,1.0,decorations,COMMON,false
minecraft:moss_block,0,0,false,0.1,0.1,0.6,1.0,1.0,decorations,COMMON,false
minecraft:big_dripleaf,0,60,true,0.1,0.1,0.6,1.0,1.0,decorations,COMMON,false
minecraft:big_dripleaf_stem,0,60,true,0.1,0.1,0.6,1.0,1.0,misc,COMMON,false
minecraft:small_dripleaf,0,60,true,0.0,0.0,0.6,1.0,1.0,decorations,COMMON,false
minecraft:hanging_roots,0,30,true,0.0,0.0,0.6,1.0,1.0,decorations,COMMON,false
minecraft:rooted_dirt,0,0,false,0.5,0.5,0.6,1.0,1.0,building_blocks,COMMON,false
minecraft:deepslate,0,0,false,3.0,6.0,0.6,1.0,1.0,building_blocks,COMMON,true
minecraft:cobbled_deepslate,0,0,false,3.5,6.0,0.6,1.0,1.0,building_blocks,COMMON,true
minecraft:cobbled_deepslate_stairs,0,0,false,3.5,6.0,0.6,1.0,1.0,building_blocks,COMMON,true
minecraft:cobbled_deepslate_slab,0,0,false,3.5,6.0,0.6,1.0,1.0,building_blocks,COMMON,true
minecraft:cobbled_deepslate_wall,0,0,false,3.5,6.0,0.6,1.0,1.0,decorations,COMMON,true
minecraft:polished_deepslate,0,0,false,3.5,6.0,0.6,1.0,1.0,building_blocks,COMMON,true
minecraft:polished_deepslate_stairs,0,0,false,3.5,6.0,0.6,1.0,1.0,building_blocks,COMMON,true
minecraft:polished_deepslate_slab,0,0,false,3.5,6.0,0.6,1.0,1.0,building_blocks,COMMON,true
minecraft:polished_deepslate_wall,0,0,false,3.5,6.0,0.6,1.0,1.0,decorations,COMMON,true
minecraft:deepslate_tiles,0,0,false,3.5,6.0,0.6,1.0,1.0,building_blocks,COMMON,true
minecraft:deepslate_tile_stairs,0,0,false,3.5,6.0,0.6,1.0,1.0,building_blocks,COMMON,true
minecraft:deepslate_tile_slab,0,0,false,3.5,6.0,0.6,1.0,1.0,building_blocks,COMMON,true
minecraft:deepslate_tile_wall,0,0,false,3.5,6.0,0.6,1.0,1.0,decorations,COMMON,true
minecraft:deepslate_bricks,0,0,false,3.5,6.0,0.6,1.0,1.0,building_blocks,COMMON,true
minecraft:deepslate_brick_stairs,0,0,false,3.5,6.0,0.6,1.0,1.0,building_blocks,COMMON,true
minecraft:deepslate_brick_slab,0,0,false,3.5,6.0,0.6,1.0,1.0,building_blocks,COMMON,true
minecraft:deepslate_brick_wall,0,0,false,3.5,6.0,0.6,1.0,1.0,decorations,COMMON,true
minecraft:chiseled_deepslate,0,0,false,3.5,6.0,0.6,1.0,1.0,building_blocks,COMMON,true
minecraft:cracked_deepslate_bricks,0,0,false,3.5,6.0,0.6,1.0,1.0,building_blocks,COMMON,true
minecraft:cracked_deepslate_tiles,0,0,false,3.5,6.0,0.6,1.0,1.0,building_blocks,COMMON,true
minecraft:infested_deepslate,0,0,false,1.5,0.75,0.6,1.0,1.0,decorations,COMMON,false
minecraft:smooth_basalt,0,0,false,1.25,4.2,0.6,1.0,1.0,building_blocks,COMMON,true
minecraft:raw_iron_block,0,0,false,5.0,6.0,0.6,1.0,1.0,building_blocks,COMMON,true
minecraft:raw_copper_block,0,0,false,5.0,6.0,0.6,1.0,1.0,building_blocks,COMMON,true
minecraft:raw_gold_block,0,0,false,5.0,6.0,0.6,1.0,1.0,building_blocks,COMMON,true
minecraft:potted_azalea_bush,0,0,false,0.0,0.0,0.6,1.0,1.0,misc,COMMON,false
minecraft:potted_flowering_azalea_bush,0,0,false,0.0,0.0,0.6,1.0,1.0,misc,COMMON,false
tutorialmod:mythril_block,0,0,false,6.0,6.0,0.6,1.0,1.0,tutorialmod.mythril,COMMON,true
tutorialmod:mythril_ore,0,0,false,4.5,4.5,0.6,1.0,1.0,tutorialmod.mythril,COMMON,true
tutorialmod:deepslate_mythril_ore,0,0,false,4.0,4.0,0.6,1.0,1.0,tutorialmod.mythril,COMMON,true
tutorialmod:netherrack_mythril_ore,0,0,false,4.0,4.0,0.6,1.0,1.0,tutorialmod.mythril,COMMON,true
tutorialmod:raw_mythril_block,0,0,false,4.0,4.0,0.6,1.0,1.0,tutorialmod.mythril,COMMON,true
tutorialmod:speedy_block,0,0,false,4.0,4.0,0.6,1.0,1.0,tutorialmod.mythril,COMMON,true
tutorialmod:mythril_button,0,0,false,4.0,4.0,0.6,1.0,1.0,tutorialmod.mythril,COMMON,true
tutorialmod:mythril_pressure_plate,0,0,false,4.0,4.0,0.6,1.0,1.0,tutorialmod.mythril,COMMON,true
tutorialmod:mythril_fence,0,0,false,4.0,4.0,0.6,1.0,1.0,tutorialmod.mythril,COMMON,true
tutorialmod:mythril_fence_gate,0,0,false,4.0,4.0,0.6,1.0,1.0,tutorialmod.mythril,COMMON,true
tutorialmod:mythril_wall,0,0,false,4.0,4.0,0.6,1.0,1.0,tutorialmod.mythril,COMMON,true
tutorialmod:mythril_slab,0,0,false,4.0,4.0,0.6,1.0,1.0,tutorialmod.mythril,COMMON,true
tutorialmod:mythril_stairs,0,0,false,4.0,6.0,0.6,1.0,1.0,tutorialmod.mythril,COMMON,true
tutorialmod:kaupen_door,0,0,false,4.0,4.0,0.6,1.0,1.0,tutorialmod.mythril,COMMON,true
tutorialmod:kaupen_trapdoor,0,0,false,4.0,4.0,0.6,1.0,1.0,tutorialmod.mythril,COMMON,true
tutorialmod:lilac_flower,0,0,false,4.0,4.0,0.6,1.0,1.0,tutorialmod.mythril,COMMON,false
tutorialmod:potted_lilac_flower,0,0,false,0.0,0.0,0.6,1.0,1.0,misc,COMMON,false
tutorialmod:mythril_lamp,15,0,false,4.0,4.0,0.6,1.0,1.0,tutorialmod.mythril,COMMON,true
tutorialmod:winter_window,0,0,false,3.0,3.0,0.6,1.0,1.0,tutorialmod.mythril,COMMON,false
tutorialmod:grape_vine,0,0,false,0.0,0.0,0.6,1.0,1.0,tutorialmod.mythril,COMMON,false
